Image,Class
image8799.jpg,Jacket
image1965.jpg,Miscellaneous
image4821.jpg,Miscellaneous
image1795.jpg,Miscellaneous
image444.jpg,Miscellaneous
image322.jpg,Miscellaneous
image6944.jpg,Miscellaneous
image9444.jpg,Christmas_Tree
image1018.jpg,Christmas_Tree
image8982.jpg,Jacket
image4160.jpg,Candle
image3169.jpg,Candle
image2263.jpg,Miscellaneous
image4174.jpg,Miscellaneous
image2505.jpg,Christmas_Tree
image6763.jpg,Airplane
image1024.jpg,Miscellaneous
image8000.jpg,Christmas_Tree
image5524.jpg,Miscellaneous
image5530.jpg,Airplane
image487.jpg,Christmas_Tree
image6039.jpg,Christmas_Tree
image1030.jpg,Airplane
image6987.jpg,Miscellaneous
image7441.jpg,Christmas_Tree
image3627.jpg,Snowman
image5256.jpg,Christmas_Tree
image5901.jpg,Miscellaneous
image7870.jpg,Miscellaneous
image9685.jpg,Snowman
image2908.jpg,Christmas_Tree
image108.jpg,Miscellaneous
image9849.jpg,Miscellaneous
image652.jpg,Christmas_Tree
image9861.jpg,Miscellaneous
image5097.jpg,Miscellaneous
image646.jpg,Christmas_Tree
image3380.jpg,Jacket
image875.jpg,Miscellaneous
image8558.jpg,Miscellaneous
image4376.jpg,Miscellaneous
image4410.jpg,Christmas_Tree
image2061.jpg,Candle
image691.jpg,Christmas_Tree
image4438.jpg,Snowman
image3357.jpg,Miscellaneous
image5726.jpg,Miscellaneous
image1540.jpg,Christmas_Tree
image7657.jpg,Airplane
image1226.jpg,Christmas_Tree
image5040.jpg,Miscellaneous
image5054.jpg,Christmas_Tree
image3425.jpg,Christmas_Tree
image7643.jpg,Miscellaneous
image685.jpg,Miscellaneous
image3343.jpg,Miscellaneous
image9097.jpg,Jacket
image2868.jpg,Christmas_Tree
image9083.jpg,Candle
image5861.jpg,Christmas_Tree
image7086.jpg,Miscellaneous
image5849.jpg,Jacket
image2840.jpg,Miscellaneous
image3586.jpg,Christmas_Tree
image9915.jpg,Christmas_Tree
image7938.jpg,Miscellaneous
image9901.jpg,Miscellaneous
image1385.jpg,Jacket
image3592.jpg,Miscellaneous
image5685.jpg,Christmas_Tree
image9054.jpg,Christmas_Tree
image2667.jpg,Airplane
image5108.jpg,Snowman
image6415.jpg,Candle
image2673.jpg,Christmas_Tree
image4564.jpg,Candle
image3223.jpg,Miscellaneous
image8376.jpg,Miscellaneous
image7045.jpg,Miscellaneous
image1352.jpg,Miscellaneous
image7723.jpg,Jacket
image5120.jpg,Christmas_Tree
image6429.jpg,Candle
image1346.jpg,Christmas_Tree
image7737.jpg,Jacket
image5646.jpg,Miscellaneous
image929.jpg,Miscellaneous
image2129.jpg,Miscellaneous
image4558.jpg,Miscellaneous
image3960.jpg,Miscellaneous
image8835.jpg,Miscellaneous
image6818.jpg,Christmas_Tree
image1811.jpg,Miscellaneous
image3974.jpg,Miscellaneous
image1193.jpg,Miscellaneous
image8809.jpg,Christmas_Tree
image7284.jpg,Miscellaneous
image7290.jpg,Miscellaneous
image4941.jpg,Miscellaneous
image4799.jpg,Snowman
image3948.jpg,Miscellaneous
image9530.jpg,Miscellaneous
image6171.jpg,Miscellaneous
image3009.jpg,Candle
image2317.jpg,Christmas_Tree
image5478.jpg,Candle
image7509.jpg,Miscellaneous
image9524.jpg,Jacket
image6617.jpg,Miscellaneous
image5336.jpg,Christmas_Tree
image281.jpg,Candle
image8612.jpg,Christmas_Tree
image1150.jpg,Jacket
image6159.jpg,Candle
image4982.jpg,Airplane
image1622.jpg,Miscellaneous
image7253.jpg,Jacket
image7535.jpg,Candle
image8606.jpg,Christmas_Tree
image5445.jpg,Christmas_Tree
image5323.jpg,Candle
image9519.jpg,Christmas_Tree
image1145.jpg,Snowman
image7534.jpg,Miscellaneous
image280.jpg,Miscellaneous
image3746.jpg,Miscellaneous
image1637.jpg,Christmas_Tree
image6170.jpg,Miscellaneous
image9243.jpg,Candle
image6616.jpg,Miscellaneous
image2464.jpg,Candle
image6602.jpg,Candle
image8149.jpg,Miscellaneous
image6164.jpg,Miscellaneous
image4798.jpg,Candle
image531.jpg,Airplane
image5486.jpg,Snowman
image4940.jpg,Miscellaneous
image7291.jpg,Christmas_Tree
image243.jpg,Snowman
image4954.jpg,Candle
image3975.jpg,Candle
image6819.jpg,Miscellaneous
image3961.jpg,Airplane
image62.jpg,Jacket
image519.jpg,Christmas_Tree
image3550.jpg,Christmas_Tree
image2896.jpg,Christmas_Tree
image928.jpg,Miscellaneous
image5647.jpg,Christmas_Tree
image8363.jpg,Christmas_Tree
image1435.jpg,Snowman
image7044.jpg,Miscellaneous
image3222.jpg,Christmas_Tree
image5653.jpg,Jacket
image5135.jpg,Snowman
image7722.jpg,Miscellaneous
image9041.jpg,Snowman
image900.jpg,Miscellaneous
image7078.jpg,Christmas_Tree
image6400.jpg,Candle
image5109.jpg,Miscellaneous
image2666.jpg,Miscellaneous
image3578.jpg,Jacket
image2855.jpg,Christmas_Tree
image9900.jpg,Christmas_Tree
image5684.jpg,Miscellaneous
image733.jpg,Miscellaneous
image5690.jpg,Christmas_Tree
image5848.jpg,Miscellaneous
image2841.jpg,Candle
image2699.jpg,Miscellaneous
image2869.jpg,Miscellaneous
image5860.jpg,Candle
image9082.jpg,Christmas_Tree
image7905.jpg,Christmas_Tree
image9928.jpg,Miscellaneous
image1233.jpg,Airplane
image8571.jpg,Jacket
image3424.jpg,Candle
image3342.jpg,Candle
image684.jpg,Candle
image7124.jpg,Miscellaneous
image8217.jpg,Miscellaneous
image1555.jpg,Christmas_Tree
image9109.jpg,Christmas_Tree
image690.jpg,Miscellaneous
image3430.jpg,Miscellaneous
image6548.jpg,Miscellaneous
image7656.jpg,Airplane
image8565.jpg,Miscellaneous
image9653.jpg,Christmas_Tree
image7118.jpg,Miscellaneous
image860.jpg,Miscellaneous
image2060.jpg,Miscellaneous
image4411.jpg,Miscellaneous
image874.jpg,Miscellaneous
image4405.jpg,Christmas_Tree
image6212.jpg,Miscellaneous
image8559.jpg,Airplane
image2712.jpg,Airplane
image5096.jpg,Jacket
image4388.jpg,Miscellaneous
image9874.jpg,Miscellaneous
image7681.jpg,Miscellaneous
image1596.jpg,Miscellaneous
image647.jpg,Miscellaneous
image3395.jpg,Miscellaneous
image2935.jpg,Miscellaneous
image9848.jpg,Jacket
image5914.jpg,Christmas_Tree
image5900.jpg,Candle
image6038.jpg,Miscellaneous
image1757.jpg,Candle
image8015.jpg,Miscellaneous
image6986.jpg,Miscellaneous
image1031.jpg,Christmas_Tree
image3632.jpg,Christmas_Tree
image492.jpg,Jacket
image3154.jpg,Airplane
image5525.jpg,Snowman
image1743.jpg,Jacket
image7332.jpg,Snowman
image6004.jpg,Miscellaneous
image9337.jpg,Christmas_Tree
image9451.jpg,Christmas_Tree
image4175.jpg,Miscellaneous
image2510.jpg,Miscellaneous
image1019.jpg,Miscellaneous
image6010.jpg,Candle
image323.jpg,Miscellaneous
image4820.jpg,Miscellaneous
image2289.jpg,Miscellaneous
image8940.jpg,Airplane
image8798.jpg,Jacket
image9490.jpg,Airplane
image3803.jpg,Candle
image9484.jpg,Jacket
image5296.jpg,Airplane
image4188.jpg,Airplane
image7481.jpg,Miscellaneous
image1796.jpg,Candle
image447.jpg,Christmas_Tree
image4836.jpg,Miscellaneous
image4822.jpg,Christmas_Tree
image6953.jpg,Christmas_Tree
image335.jpg,Christmas_Tree
image5269.jpg,Christmas_Tree
image6760.jpg,Miscellaneous
image7318.jpg,Candle
image4611.jpg,Airplane
image9321.jpg,Miscellaneous
image8981.jpg,Miscellaneous
image8771.jpg,Miscellaneous
image7442.jpg,Candle
image3624.jpg,Christmas_Tree
image5533.jpg,Candle
image8017.jpg,Miscellaneous
image9309.jpg,Christmas_Tree
image4639.jpg,Miscellaneous
image3630.jpg,Miscellaneous
image7867.jpg,Christmas_Tree
image9692.jpg,Miscellaneous
image7873.jpg,Miscellaneous
image7683.jpg,Christmas_Tree
image9876.jpg,Miscellaneous
image137.jpg,Candle
image6589.jpg,Christmas_Tree
image2089.jpg,Miscellaneous
image8229.jpg,Miscellaneous
image9123.jpg,Miscellaneous
image6210.jpg,Snowman
image2076.jpg,Christmas_Tree
image5719.jpg,Christmas_Tree
image6238.jpg,Airplane
image1557.jpg,Miscellaneous
image7126.jpg,Christmas_Tree
image8215.jpg,Miscellaneous
image686.jpg,Jacket
image3340.jpg,Airplane
image5731.jpg,Snowman
image4349.jpg,Candle
image7640.jpg,Airplane
image7898.jpg,Christmas_Tree
image1231.jpg,Miscellaneous
image7654.jpg,Miscellaneous
image9679.jpg,Christmas_Tree
image9094.jpg,Snowman
image4598.jpg,Miscellaneous
image731.jpg,Snowman
image1386.jpg,Miscellaneous
image2857.jpg,Miscellaneous
image2843.jpg,Jacket
image1392.jpg,Miscellaneous
image916.jpg,Jacket
image4567.jpg,Miscellaneous
image7708.jpg,Jacket
image4201.jpg,Miscellaneous
image6402.jpg,Christmas_Tree
image9057.jpg,Miscellaneous
image6364.jpg,Christmas_Tree
image7052.jpg,Christmas_Tree
image8361.jpg,Miscellaneous
image2894.jpg,Christmas_Tree
image5123.jpg,Miscellaneous
image9719.jpg,Miscellaneous
image1345.jpg,Airplane
image8407.jpg,Airplane
image1351.jpg,Christmas_Tree
image7720.jpg,Christmas_Tree
image3546.jpg,Miscellaneous
image5889.jpg,Miscellaneous
image74.jpg,Airplane
image269.jpg,Miscellaneous
image9282.jpg,Miscellaneous
image60.jpg,Christmas_Tree
image8836.jpg,Miscellaneous
image3793.jpg,Jacket
image255.jpg,Miscellaneous
image6833.jpg,Airplane
image527.jpg,Miscellaneous
image7287.jpg,Miscellaneous
image6199.jpg,Miscellaneous
image6827.jpg,Miscellaneous
image241.jpg,Miscellaneous
image2499.jpg,Candle
image6614.jpg,Miscellaneous
image9241.jpg,Candle
image4765.jpg,Candle
image2314.jpg,Miscellaneous
image2300.jpg,Christmas_Tree
image7278.jpg,Christmas_Tree
image1147.jpg,Christmas_Tree
image5321.jpg,Miscellaneous
image1621.jpg,Candle
image3744.jpg,Christmas_Tree
image8611.jpg,Miscellaneous
image4994.jpg,Miscellaneous
image8176.jpg,Miscellaneous
image9268.jpg,Miscellaneous
image7523.jpg,Candle
image8610.jpg,Miscellaneous
image297.jpg,Miscellaneous
image6629.jpg,Christmas_Tree
image7537.jpg,Miscellaneous
image2329.jpg,Miscellaneous
image7279.jpg,Christmas_Tree
image2301.jpg,Christmas_Tree
image4016.jpg,Miscellaneous
image9532.jpg,Miscellaneous
image9526.jpg,Candle
image2473.jpg,Miscellaneous
image4764.jpg,Jacket
image6198.jpg,Airplane
image7286.jpg,Snowman
image526.jpg,Candle
image4957.jpg,Miscellaneous
image3786.jpg,Christmas_Tree
image6832.jpg,Jacket
image254.jpg,Miscellaneous
image49.jpg,Miscellaneous
image4943.jpg,Miscellaneous
image8189.jpg,Snowman
image3962.jpg,Miscellaneous
image61.jpg,Airplane
image75.jpg,Christmas_Tree
image8823.jpg,Miscellaneous
image1807.jpg,Miscellaneous
image2659.jpg,Miscellaneous
image7721.jpg,Candle
image1350.jpg,Miscellaneous
image8374.jpg,Jacket
image7047.jpg,Candle
image3235.jpg,Miscellaneous
image5644.jpg,Jacket
image1422.jpg,Miscellaneous
image7053.jpg,Miscellaneous
image1344.jpg,Candle
image9718.jpg,Miscellaneous
image2895.jpg,Miscellaneous
image9730.jpg,Miscellaneous
image2665.jpg,Miscellaneous
image4572.jpg,Candle
image2103.jpg,Christmas_Tree
image6365.jpg,Miscellaneous
image9042.jpg,Miscellaneous
image5678.jpg,Candle
image4200.jpg,Candle
image7709.jpg,Miscellaneous
image3584.jpg,Miscellaneous
image2842.jpg,Airplane
image724.jpg,Jacket
image7084.jpg,Miscellaneous
image7090.jpg,Miscellaneous
image2856.jpg,Miscellaneous
image5877.jpg,Miscellaneous
image9678.jpg,Miscellaneous
image7655.jpg,Miscellaneous
image693.jpg,Miscellaneous
image3341.jpg,Christmas_Tree
image687.jpg,Miscellaneous
image7127.jpg,Christmas_Tree
image1230.jpg,Snowman
image4348.jpg,Christmas_Tree
image6577.jpg,Miscellaneous
image9644.jpg,Candle
image1218.jpg,Christmas_Tree
image2063.jpg,Airplane
image4374.jpg,Miscellaneous
image6588.jpg,Miscellaneous
image5081.jpg,Miscellaneous
image136.jpg,Miscellaneous
image3396.jpg,Christmas_Tree
image650.jpg,Christmas_Tree
image2088.jpg,Miscellaneous
image5095.jpg,Christmas_Tree
image2922.jpg,Miscellaneous
image9687.jpg,Miscellaneous
image678.jpg,Candle
image8002.jpg,Miscellaneous
image1998.jpg,Christmas_Tree
image8764.jpg,Candle
image6991.jpg,Airplane
image6749.jpg,Miscellaneous
image5240.jpg,Miscellaneous
image5254.jpg,Airplane
image8770.jpg,Miscellaneous
image6985.jpg,Jacket
image1032.jpg,Miscellaneous
image9308.jpg,Miscellaneous
image1754.jpg,Miscellaneous
image7325.jpg,Miscellaneous
image3143.jpg,Miscellaneous
image2513.jpg,Candle
image9446.jpg,Miscellaneous
image8994.jpg,Miscellaneous
image6007.jpg,Christmas_Tree
image1768.jpg,Miscellaneous
image1783.jpg,Christmas_Tree
image452.jpg,Christmas_Tree
image5283.jpg,Miscellaneous
image7480.jpg,Candle
image320.jpg,Christmas_Tree
image4837.jpg,Christmas_Tree
image8943.jpg,Miscellaneous
image308.jpg,Miscellaneous
image3802.jpg,Candle
image8957.jpg,Airplane
image9491.jpg,Christmas_Tree
image3184.jpg,Candle
image5293.jpg,Miscellaneous
image324.jpg,Miscellaneous
image7484.jpg,Candle
image5287.jpg,Miscellaneous
image456.jpg,Miscellaneous
image4827.jpg,Miscellaneous
image1787.jpg,Candle
image318.jpg,Christmas_Tree
image8012.jpg,Airplane
image6759.jpg,Jacket
image8774.jpg,Miscellaneous
image7447.jpg,Jacket
image5250.jpg,Christmas_Tree
image6995.jpg,Candle
image8006.jpg,Miscellaneous
image7335.jpg,Christmas_Tree
image5522.jpg,Christmas_Tree
image3153.jpg,Christmas_Tree
image2265.jpg,Jacket
image8990.jpg,Christmas_Tree
image5278.jpg,Airplane
image9324.jpg,Christmas_Tree
image1778.jpg,Candle
image6598.jpg,Miscellaneous
image9873.jpg,Christmas_Tree
image7686.jpg,Candle
image126.jpg,Miscellaneous
image898.jpg,Snowman
image640.jpg,Miscellaneous
image3392.jpg,Miscellaneous
image654.jpg,Christmas_Tree
image9867.jpg,Jacket
image5913.jpg,Airplane
image9683.jpg,Christmas_Tree
image8576.jpg,Miscellaneous
image9668.jpg,Miscellaneous
image683.jpg,Miscellaneous
image5734.jpg,Candle
image1220.jpg,Airplane
image4358.jpg,Miscellaneous
image7679.jpg,Christmas_Tree
image9654.jpg,Miscellaneous
image4370.jpg,Airplane
image3379.jpg,Miscellaneous
image4416.jpg,Miscellaneous
image5708.jpg,Miscellaneous
image867.jpg,Miscellaneous
image2067.jpg,Miscellaneous
image8238.jpg,Miscellaneous
image9898.jpg,Jacket
image9640.jpg,Miscellaneous
image2852.jpg,Miscellaneous
image734.jpg,Miscellaneous
image5683.jpg,Candle
image7094.jpg,Christmas_Tree
image7080.jpg,Airplane
image4589.jpg,Miscellaneous
image720.jpg,Miscellaneous
image3557.jpg,Candle
image2891.jpg,Miscellaneous
image5126.jpg,Candle
image2649.jpg,Miscellaneous
image7057.jpg,Miscellaneous
image8364.jpg,Christmas_Tree
image6349.jpg,Airplane
image5640.jpg,Snowman
image3225.jpg,Christmas_Tree
image7043.jpg,Miscellaneous
image8370.jpg,Candle
image9708.jpg,Candle
image5132.jpg,Miscellaneous
image2675.jpg,Miscellaneous
image2113.jpg,Airplane
image9046.jpg,Miscellaneous
image2107.jpg,Airplane
image5668.jpg,Jacket
image3219.jpg,Miscellaneous
image2661.jpg,Christmas_Tree
image1368.jpg,Miscellaneous
image7296.jpg,Christmas_Tree
image536.jpg,Candle
image2488.jpg,Miscellaneous
image1181.jpg,Airplane
image6822.jpg,Jacket
image244.jpg,Miscellaneous
image59.jpg,Miscellaneous
image522.jpg,Miscellaneous
image65.jpg,Miscellaneous
image8833.jpg,Miscellaneous
image1817.jpg,Christmas_Tree
image5442.jpg,Miscellaneous
image8600.jpg,Miscellaneous
image1142.jpg,Christmas_Tree
image293.jpg,Miscellaneous
image8172.jpg,Christmas_Tree
image3027.jpg,Airplane
image4748.jpg,Miscellaneous
image5456.jpg,Miscellaneous
image4990.jpg,Miscellaneous
image1618.jpg,Miscellaneous
image6177.jpg,Christmas_Tree
image9244.jpg,Christmas_Tree
image4760.jpg,Miscellaneous
image9522.jpg,Christmas_Tree
image8628.jpg,Jacket
image2463.jpg,Miscellaneous
image4774.jpg,Airplane
image2305.jpg,Miscellaneous
image6163.jpg,Jacket
image4013.jpg,Snowman
image6604.jpg,Miscellaneous
image9251.jpg,Christmas_Tree
image2304.jpg,Christmas_Tree
image4761.jpg,Miscellaneous
image7268.jpg,Christmas_Tree
image9523.jpg,Christmas_Tree
image6610.jpg,Candle
image3768.jpg,Christmas_Tree
image2476.jpg,Miscellaneous
image1157.jpg,Christmas_Tree
image3740.jpg,Miscellaneous
image5331.jpg,Miscellaneous
image5457.jpg,Christmas_Tree
image4749.jpg,Miscellaneous
image3026.jpg,Christmas_Tree
image7240.jpg,Miscellaneous
image9279.jpg,Candle
image1625.jpg,Miscellaneous
image5443.jpg,Jacket
image3032.jpg,Miscellaneous
image292.jpg,Miscellaneous
image64.jpg,Snowman
image9292.jpg,Christmas_Tree
image9286.jpg,Candle
image3973.jpg,Miscellaneous
image3783.jpg,Christmas_Tree
image245.jpg,Miscellaneous
image7283.jpg,Miscellaneous
image523.jpg,Miscellaneous
image4952.jpg,Christmas_Tree
image5494.jpg,Christmas_Tree
image4946.jpg,Jacket
image6189.jpg,Christmas_Tree
image7297.jpg,Christmas_Tree
image1180.jpg,Christmas_Tree
image4577.jpg,Miscellaneous
image7718.jpg,Miscellaneous
image9735.jpg,Christmas_Tree
image2660.jpg,Christmas_Tree
image2674.jpg,Miscellaneous
image4205.jpg,Miscellaneous
image9721.jpg,Jacket
image4563.jpg,Christmas_Tree
image912.jpg,Jacket
image1433.jpg,Candle
image5133.jpg,Jacket
image2884.jpg,Jacket
image8417.jpg,Christmas_Tree
image1355.jpg,Miscellaneous
image8403.jpg,Candle
image2648.jpg,Miscellaneous
image2890.jpg,Miscellaneous
image3556.jpg,Miscellaneous
image3230.jpg,Miscellaneous
image7056.jpg,Christmas_Tree
image5872.jpg,Candle
image7903.jpg,Jacket
image7917.jpg,Christmas_Tree
image9084.jpg,Miscellaneous
image1396.jpg,Candle
image9912.jpg,Airplane
image2847.jpg,Christmas_Tree
image3581.jpg,Miscellaneous
image1382.jpg,Christmas_Tree
image8239.jpg,Miscellaneous
image6214.jpg,Christmas_Tree
image6572.jpg,Christmas_Tree
image4365.jpg,Snowman
image2700.jpg,Christmas_Tree
image2066.jpg,Candle
image1547.jpg,Christmas_Tree
image3436.jpg,Miscellaneous
image4359.jpg,Miscellaneous
image1221.jpg,Candle
image7888.jpg,Miscellaneous
image7650.jpg,Airplane
image3422.jpg,Miscellaneous
image5053.jpg,Christmas_Tree
image682.jpg,Airplane
image3344.jpg,Miscellaneous
image669.jpg,Christmas_Tree
image8588.jpg,Miscellaneous
image7863.jpg,Miscellaneous
image9696.jpg,Christmas_Tree
image655.jpg,Jacket
image1584.jpg,Miscellaneous
image2933.jpg,Snowman
image5090.jpg,Christmas_Tree
image127.jpg,Miscellaneous
image7687.jpg,Candle
image9872.jpg,Christmas_Tree
image2099.jpg,Airplane
image1779.jpg,Miscellaneous
image6016.jpg,Christmas_Tree
image7308.jpg,Miscellaneous
image2270.jpg,Christmas_Tree
image9331.jpg,Miscellaneous
image8749.jpg,Miscellaneous
image8991.jpg,Christmas_Tree
image2502.jpg,Miscellaneous
image4173.jpg,Miscellaneous
image6994.jpg,Miscellaneous
image7452.jpg,Miscellaneous
image8761.jpg,Miscellaneous
image1023.jpg,Airplane
image5245.jpg,Miscellaneous
image494.jpg,Candle
image7334.jpg,Jacket
image8013.jpg,Airplane
image480.jpg,Miscellaneous
image5537.jpg,Miscellaneous
image3620.jpg,Miscellaneous
image6980.jpg,Miscellaneous
image7446.jpg,Miscellaneous
image8775.jpg,Candle
image6758.jpg,Miscellaneous
image3813.jpg,Christmas_Tree
image1962.jpg,Miscellaneous
image3807.jpg,Christmas_Tree
image8952.jpg,Miscellaneous
image4198.jpg,Snowman
image457.jpg,Miscellaneous
image1792.jpg,Christmas_Tree
image455.jpg,Airplane
image4824.jpg,Airplane
image7493.jpg,Christmas_Tree
image333.jpg,Airplane
image327.jpg,Miscellaneous
image6941.jpg,Christmas_Tree
image1790.jpg,Christmas_Tree
image1948.jpg,Christmas_Tree
image3187.jpg,Christmas_Tree
image4830.jpg,Miscellaneous
image1960.jpg,Christmas_Tree
image8944.jpg,Christmas_Tree
image8950.jpg,Christmas_Tree
image9496.jpg,Miscellaneous
image7336.jpg,Airplane
image1747.jpg,Christmas_Tree
image5521.jpg,Christmas_Tree
image3150.jpg,Jacket
image5247.jpg,Christmas_Tree
image2528.jpg,Airplane
image1021.jpg,Jacket
image6996.jpg,Snowman
image1035.jpg,Jacket
image7444.jpg,Miscellaneous
image6982.jpg,Christmas_Tree
image7322.jpg,Christmas_Tree
image6014.jpg,Airplane
image8987.jpg,Candle
image6772.jpg,Jacket
image2500.jpg,Miscellaneous
image6000.jpg,Miscellaneous
image2931.jpg,Miscellaneous
image5086.jpg,Christmas_Tree
image7691.jpg,Jacket
image3385.jpg,Christmas_Tree
image9870.jpg,Miscellaneous
image125.jpg,Jacket
image9858.jpg,Jacket
image2919.jpg,Christmas_Tree
image119.jpg,Miscellaneous
image5045.jpg,Miscellaneous
image694.jpg,Candle
image5723.jpg,Miscellaneous
image1545.jpg,Miscellaneous
image8207.jpg,Miscellaneous
image1551.jpg,Miscellaneous
image3346.jpg,Airplane
image5737.jpg,Miscellaneous
image5051.jpg,Jacket
image3420.jpg,Jacket
image2716.jpg,Miscellaneous
image9125.jpg,Christmas_Tree
image864.jpg,Miscellaneous
image6202.jpg,Candle
image9131.jpg,Miscellaneous
image9657.jpg,Candle
image4373.jpg,Miscellaneous
image723.jpg,Miscellaneous
image5694.jpg,Jacket
image737.jpg,Miscellaneous
image5858.jpg,Christmas_Tree
image6389.jpg,Christmas_Tree
image7097.jpg,Airplane
image3597.jpg,Miscellaneous
image7901.jpg,Miscellaneous
image5870.jpg,Jacket
image8398.jpg,Airplane
image5864.jpg,Miscellaneous
image7915.jpg,Christmas_Tree
image2886.jpg,Miscellaneous
image2138.jpg,Miscellaneous
image3226.jpg,Candle
image8367.jpg,Candle
image5643.jpg,Miscellaneous
image2892.jpg,Miscellaneous
image5125.jpg,Miscellaneous
image8401.jpg,Miscellaneous
image6404.jpg,Miscellaneous
image9737.jpg,Miscellaneous
image9051.jpg,Christmas_Tree
image4575.jpg,Miscellaneous
image4561.jpg,Miscellaneous
image1419.jpg,Airplane
image2676.jpg,Christmas_Tree
image4788.jpg,Jacket
image253.jpg,Christmas_Tree
image1182.jpg,Miscellaneous
image5482.jpg,Jacket
image535.jpg,Jacket
image66.jpg,Miscellaneous
image8830.jpg,Christmas_Tree
image8824.jpg,Miscellaneous
image3971.jpg,Miscellaneous
image1633.jpg,Miscellaneous
image284.jpg,Christmas_Tree
image7524.jpg,Airplane
image5327.jpg,Miscellaneous
image4039.jpg,Miscellaneous
image3756.jpg,Miscellaneous
image3018.jpg,Christmas_Tree
image2306.jpg,Candle
image9535.jpg,Miscellaneous
image6606.jpg,Candle
image8159.jpg,Jacket
image2312.jpg,Miscellaneous
image6613.jpg,Miscellaneous
image4004.jpg,Miscellaneous
image2475.jpg,Jacket
image9246.jpg,Snowman
image4776.jpg,Miscellaneous
image2461.jpg,Candle
image3757.jpg,Miscellaneous
image4038.jpg,Christmas_Tree
image5326.jpg,Christmas_Tree
image1140.jpg,Miscellaneous
image6149.jpg,Airplane
image4986.jpg,Snowman
image5440.jpg,Christmas_Tree
image3025.jpg,Candle
image8616.jpg,Christmas_Tree
image3743.jpg,Miscellaneous
image285.jpg,Miscellaneous
image3970.jpg,Miscellaneous
image6808.jpg,Christmas_Tree
image9285.jpg,Christmas_Tree
image1801.jpg,Jacket
image508.jpg,Miscellaneous
image1815.jpg,Christmas_Tree
image6834.jpg,Miscellaneous
image1183.jpg,Snowman
image252.jpg,Miscellaneous
image534.jpg,Snowman
image4945.jpg,Miscellaneous
image7294.jpg,Christmas_Tree
image1829.jpg,Airplane
image520.jpg,Snowman
image3958.jpg,Miscellaneous
image3780.jpg,Snowman
image246.jpg,Miscellaneous
image4560.jpg,Miscellaneous
image5118.jpg,Miscellaneous
image3569.jpg,Candle
image6405.jpg,Miscellaneous
image4212.jpg,Miscellaneous
image3233.jpg,Airplane
image1424.jpg,Jacket
image9078.jpg,Miscellaneous
image7055.jpg,Christmas_Tree
image7733.jpg,Miscellaneous
image5130.jpg,Candle
image2887.jpg,Miscellaneous
image3541.jpg,Miscellaneous
image1430.jpg,Miscellaneous
image3227.jpg,Jacket
image4548.jpg,Candle
image9087.jpg,Candle
image9939.jpg,Miscellaneous
image7900.jpg,Miscellaneous
image5871.jpg,Miscellaneous
image7096.jpg,Christmas_Tree
image736.jpg,Miscellaneous
image2850.jpg,Christmas_Tree
image2688.jpg,Miscellaneous
image9905.jpg,Candle
image2844.jpg,Christmas_Tree
image3582.jpg,Candle
image6203.jpg,Miscellaneous
image4414.jpg,Jacket
image9656.jpg,Miscellaneous
image6565.jpg,Christmas_Tree
image3409.jpg,Miscellaneous
image871.jpg,Miscellaneous
image2071.jpg,Christmas_Tree
image4400.jpg,Christmas_Tree
image7109.jpg,Miscellaneous
image9124.jpg,Miscellaneous
image6217.jpg,Christmas_Tree
image1550.jpg,Candle
image6559.jpg,Christmas_Tree
image8574.jpg,Christmas_Tree
image3421.jpg,Christmas_Tree
image1222.jpg,Miscellaneous
image7653.jpg,Christmas_Tree
image9118.jpg,Christmas_Tree
image5722.jpg,Candle
image118.jpg,Airplane
image9859.jpg,Jacket
image9681.jpg,Miscellaneous
image5905.jpg,Miscellaneous
image3384.jpg,Christmas_Tree
image2924.jpg,Airplane
image5087.jpg,Miscellaneous
image2930.jpg,Airplane
image3390.jpg,Miscellaneous
image7479.jpg,Airplane
image9332.jpg,Candle
image6015.jpg,Miscellaneous
image9326.jpg,Christmas_Tree
image4602.jpg,Miscellaneous
image2273.jpg,Candle
image2515.jpg,Miscellaneous
image8986.jpg,Snowman
image8776.jpg,Jacket
image1034.jpg,Candle
image1752.jpg,Airplane
image3145.jpg,Christmas_Tree
image483.jpg,Christmas_Tree
image497.jpg,Miscellaneous
image5520.jpg,Miscellaneous
image6997.jpg,Miscellaneous
image5246.jpg,Jacket
image3804.jpg,Miscellaneous
image9483.jpg,Christmas_Tree
image8945.jpg,Miscellaneous
image3810.jpg,Christmas_Tree
image6798.jpg,Candle
image326.jpg,Christmas_Tree
image5291.jpg,Miscellaneous
image2298.jpg,Jacket
image3186.jpg,Jacket
image440.jpg,Jacket
image1791.jpg,Christmas_Tree
image4825.jpg,Miscellaneous
image3192.jpg,Candle
image454.jpg,Candle
image8979.jpg,Christmas_Tree
image7492.jpg,Christmas_Tree
image1906.jpg,Miscellaneous
image8922.jpg,Jacket
image8088.jpg,Christmas_Tree
image7393.jpg,Miscellaneous
image4842.jpg,Miscellaneous
image3693.jpg,Candle
image6927.jpg,Miscellaneous
image341.jpg,Christmas_Tree
image427.jpg,Christmas_Tree
image5590.jpg,Airplane
image6099.jpg,Jacket
image6072.jpg,Christmas_Tree
image4665.jpg,Jacket
image4103.jpg,Candle
image2572.jpg,Airplane
image6714.jpg,Candle
image9427.jpg,Miscellaneous
image9433.jpg,Miscellaneous
image4117.jpg,Christmas_Tree
image3678.jpg,Christmas_Tree
image2566.jpg,Christmas_Tree
image2200.jpg,Miscellaneous
image7378.jpg,Miscellaneous
image1709.jpg,Candle
image6066.jpg,Jacket
image4659.jpg,Jacket
image7350.jpg,Christmas_Tree
image6728.jpg,Miscellaneous
image382.jpg,Miscellaneous
image3644.jpg,Christmas_Tree
image5235.jpg,Candle
image8711.jpg,Miscellaneous
image7422.jpg,Christmas_Tree
image4895.jpg,Miscellaneous
image7807.jpg,Jacket
image2957.jpg,Christmas_Tree
image157.jpg,Christmas_Tree
image5786.jpg,Christmas_Tree
image4498.jpg,Christmas_Tree
image3485.jpg,Miscellaneous
image1279.jpg,Jacket
image6516.jpg,Airplane
image2770.jpg,Snowman
image3308.jpg,Christmas_Tree
image816.jpg,Airplane
image9157.jpg,Miscellaneous
image6264.jpg,Miscellaneous
image8249.jpg,Miscellaneous
image802.jpg,Christmas_Tree
image2002.jpg,Jacket
image9631.jpg,Christmas_Tree
image6502.jpg,Miscellaneous
image8507.jpg,Miscellaneous
image1245.jpg,Candle
image1523.jpg,Christmas_Tree
image8261.jpg,Miscellaneous
image5989.jpg,Miscellaneous
image1251.jpg,Christmas_Tree
image180.jpg,Jacket
image7967.jpg,Miscellaneous
image5802.jpg,Miscellaneous
image7783.jpg,Jacket
image5194.jpg,Miscellaneous
image1480.jpg,Jacket
image6489.jpg,Miscellaneous
image9751.jpg,Miscellaneous
image2162.jpg,Airplane
image8329.jpg,Christmas_Tree
image9037.jpg,Jacket
image6304.jpg,Christmas_Tree
image2176.jpg,Miscellaneous
image4261.jpg,Airplane
image2610.jpg,Christmas_Tree
image9745.jpg,Miscellaneous
image7768.jpg,Christmas_Tree
image3526.jpg,Snowman
image8315.jpg,Miscellaneous
image1457.jpg,Snowman
image5631.jpg,Miscellaneous
image786.jpg,Miscellaneous
image3254.jpg,Christmas_Tree
image792.jpg,Miscellaneous
image7032.jpg,Miscellaneous
image8301.jpg,Miscellaneous
image7754.jpg,Miscellaneous
image3532.jpg,Miscellaneous
image8856.jpg,Candle
image8842.jpg,Christmas_Tree
image1866.jpg,Miscellaneous
image3081.jpg,Miscellaneous
image7581.jpg,Christmas_Tree
image6847.jpg,Candle
image5382.jpg,Christmas_Tree
image553.jpg,Airplane
image3095.jpg,Airplane
image1682.jpg,Miscellaneous
image2360.jpg,Christmas_Tree
image3718.jpg,Jacket
image9547.jpg,Christmas_Tree
image4705.jpg,Miscellaneous
image2374.jpg,Miscellaneous
image3042.jpg,Miscellaneous
image5433.jpg,Miscellaneous
image9209.jpg,Miscellaneous
image8117.jpg,Miscellaneous
image5355.jpg,Christmas_Tree
image3724.jpg,Miscellaneous
image1127.jpg,Jacket
image7230.jpg,Jacket
image2348.jpg,Christmas_Tree
image5427.jpg,Miscellaneous
image6649.jpg,Airplane
image1126.jpg,Miscellaneous
image7557.jpg,Miscellaneous
image8664.jpg,Miscellaneous
image2349.jpg,Miscellaneous
image4738.jpg,Christmas_Tree
image591.jpg,Miscellaneous
image1898.jpg,Miscellaneous
image8116.jpg,Christmas_Tree
image9208.jpg,Christmas_Tree
image585.jpg,Christmas_Tree
image5354.jpg,Miscellaneous
image8670.jpg,Miscellaneous
image2413.jpg,Miscellaneous
image6675.jpg,Miscellaneous
image8658.jpg,Miscellaneous
image9220.jpg,Miscellaneous
image4704.jpg,Airplane
image4710.jpg,Christmas_Tree
image6107.jpg,Miscellaneous
image9552.jpg,Jacket
image6661.jpg,Miscellaneous
image4076.jpg,Christmas_Tree
image2407.jpg,Miscellaneous
image5368.jpg,Candle
image6852.jpg,Airplane
image1683.jpg,Miscellaneous
image1697.jpg,Miscellaneous
image4089.jpg,Christmas_Tree
image15.jpg,Christmas_Tree
image8857.jpg,Airplane
image1442.jpg,Miscellaneous
image8300.jpg,Miscellaneous
image7033.jpg,Jacket
image3533.jpg,Christmas_Tree
image7755.jpg,Snowman
image8472.jpg,Miscellaneous
image4248.jpg,Miscellaneous
image4506.jpg,Christmas_Tree
image2611.jpg,Miscellaneous
image2605.jpg,Miscellaneous
image4274.jpg,Christmas_Tree
image6463.jpg,Jacket
image9750.jpg,Christmas_Tree
image8328.jpg,Jacket
image988.jpg,Miscellaneous
image750.jpg,Miscellaneous
image6488.jpg,Jacket
image2836.jpg,Snowman
image9793.jpg,Miscellaneous
image778.jpg,Miscellaneous
image7147.jpg,Miscellaneous
image4328.jpg,Miscellaneous
image5036.jpg,Christmas_Tree
image8512.jpg,Snowman
image7621.jpg,Christmas_Tree
image9618.jpg,Miscellaneous
image7153.jpg,Airplane
image1522.jpg,Miscellaneous
image2003.jpg,Miscellaneous
image6503.jpg,Christmas_Tree
image4300.jpg,Candle
image2771.jpg,Miscellaneous
image5778.jpg,Miscellaneous
image624.jpg,Miscellaneous
image7184.jpg,Miscellaneous
image142.jpg,Miscellaneous
image3484.jpg,Miscellaneous
image2956.jpg,Snowman
image630.jpg,Miscellaneous
image5977.jpg,Miscellaneous
image9181.jpg,Candle
image7423.jpg,Miscellaneous
image8710.jpg,Christmas_Tree
image1052.jpg,Airplane
image3645.jpg,Christmas_Tree
image5552.jpg,Miscellaneous
image9368.jpg,Miscellaneous
image3137.jpg,Airplane
image2229.jpg,Christmas_Tree
image7437.jpg,Miscellaneous
image6729.jpg,Christmas_Tree
image6067.jpg,Miscellaneous
image4670.jpg,Miscellaneous
image2201.jpg,Miscellaneous
image2215.jpg,Miscellaneous
image9340.jpg,Christmas_Tree
image6073.jpg,Christmas_Tree
image8738.jpg,Jacket
image9426.jpg,Christmas_Tree
image2573.jpg,Miscellaneous
image340.jpg,Snowman
image6926.jpg,Snowman
image4857.jpg,Miscellaneous
image4843.jpg,Christmas_Tree
image5585.jpg,Jacket
image7392.jpg,Christmas_Tree
image1085.jpg,Christmas_Tree
image6932.jpg,Miscellaneous
image1913.jpg,Christmas_Tree
image8923.jpg,Miscellaneous
image9395.jpg,Miscellaneous
image418.jpg,Miscellaneous
image4869.jpg,Christmas_Tree
image6918.jpg,Christmas_Tree
image3874.jpg,Candle
image5593.jpg,Jacket
image6924.jpg,Miscellaneous
image1093.jpg,Snowman
image8909.jpg,Candle
image6930.jpg,Airplane
image1087.jpg,Jacket
image7390.jpg,Miscellaneous
image8048.jpg,Christmas_Tree
image6065.jpg,Christmas_Tree
image4114.jpg,Snowman
image2571.jpg,Miscellaneous
image1078.jpg,Candle
image7347.jpg,Miscellaneous
image3647.jpg,Christmas_Tree
image5236.jpg,Christmas_Tree
image8712.jpg,Snowman
image9418.jpg,Airplane
image3653.jpg,Snowman
image5222.jpg,Christmas_Tree
image5544.jpg,Christmas_Tree
image8289.jpg,Christmas_Tree
image9183.jpg,Christmas_Tree
image5961.jpg,Miscellaneous
image2968.jpg,Christmas_Tree
image626.jpg,Snowman
image632.jpg,Candle
image3479.jpg,Christmas_Tree
image4316.jpg,Miscellaneous
image9632.jpg,Miscellaneous
image4464.jpg,Miscellaneous
image2015.jpg,Christmas_Tree
image9140.jpg,Candle
image8538.jpg,Miscellaneous
image4302.jpg,Miscellaneous
image5034.jpg,Miscellaneous
image2983.jpg,Miscellaneous
image3323.jpg,Miscellaneous
image9168.jpg,Christmas_Tree
image1534.jpg,Miscellaneous
image8276.jpg,Candle
image829.jpg,Christmas_Tree
image2029.jpg,Miscellaneous
image5746.jpg,Miscellaneous
image3451.jpg,Miscellaneous
image2997.jpg,Airplane
image6529.jpg,Miscellaneous
image5801.jpg,Jacket
image9949.jpg,Candle
image7794.jpg,Miscellaneous
image1483.jpg,Miscellaneous
image5829.jpg,Miscellaneous
image7958.jpg,Miscellaneous
image4289.jpg,Miscellaneous
image6475.jpg,Miscellaneous
image8458.jpg,Miscellaneous
image2175.jpg,Christmas_Tree
image975.jpg,Miscellaneous
image4504.jpg,Miscellaneous
image2161.jpg,Christmas_Tree
image6307.jpg,Miscellaneous
image3519.jpg,Miscellaneous
image2607.jpg,Airplane
image6449.jpg,Miscellaneous
image8464.jpg,Miscellaneous
image3531.jpg,Miscellaneous
image3257.jpg,Miscellaneous
image791.jpg,Miscellaneous
image1440.jpg,Candle
image5632.jpg,Christmas_Tree
image3243.jpg,Miscellaneous
image3525.jpg,Christmas_Tree
image5154.jpg,Christmas_Tree
image8470.jpg,Christmas_Tree
image3914.jpg,Candle
image8699.jpg,Christmas_Tree
image1871.jpg,Miscellaneous
image2388.jpg,Miscellaneous
image4921.jpg,Jacket
image3096.jpg,Miscellaneous
image3928.jpg,Miscellaneous
image222.jpg,Christmas_Tree
image8869.jpg,Miscellaneous
image7582.jpg,Jacket
image4935.jpg,Candle
image3082.jpg,Jacket
image5418.jpg,Snowman
image7569.jpg,Christmas_Tree
image9544.jpg,Miscellaneous
image4060.jpg,Miscellaneous
image6663.jpg,Miscellaneous
image6105.jpg,Christmas_Tree
image4712.jpg,Miscellaneous
image8100.jpg,Christmas_Tree
image593.jpg,Christmas_Tree
image5424.jpg,Miscellaneous
image5342.jpg,Miscellaneous
image8666.jpg,Miscellaneous
image7541.jpg,Miscellaneous
image1130.jpg,Miscellaneous
image5356.jpg,Candle
image2439.jpg,Christmas_Tree
image3041.jpg,Snowman
image5430.jpg,Airplane
image7227.jpg,Candle
image2438.jpg,Candle
image7226.jpg,Christmas_Tree
image3040.jpg,Jacket
image5425.jpg,Miscellaneous
image3054.jpg,Miscellaneous
image592.jpg,Miscellaneous
image8101.jpg,Jacket
image7232.jpg,Miscellaneous
image9579.jpg,Miscellaneous
image1125.jpg,Miscellaneous
image5343.jpg,Miscellaneous
image4075.jpg,Miscellaneous
image2362.jpg,Miscellaneous
image4713.jpg,Jacket
image8129.jpg,Miscellaneous
image6104.jpg,Airplane
image6110.jpg,Jacket
image9223.jpg,Christmas_Tree
image5419.jpg,Candle
image8883.jpg,Miscellaneous
image7568.jpg,Miscellaneous
image7583.jpg,Miscellaneous
image5394.jpg,Miscellaneous
image4934.jpg,Miscellaneous
image3097.jpg,Miscellaneous
image6689.jpg,Miscellaneous
image8854.jpg,Christmas_Tree
image579.jpg,Snowman
image784.jpg,Christmas_Tree
image7024.jpg,Miscellaneous
image5141.jpg,Miscellaneous
image8465.jpg,Christmas_Tree
image2148.jpg,Miscellaneous
image5627.jpg,Miscellaneous
image960.jpg,Miscellaneous
image6460.jpg,Miscellaneous
image8459.jpg,Candle
image6474.jpg,Jacket
image4505.jpg,Miscellaneous
image1496.jpg,Miscellaneous
image747.jpg,Miscellaneous
image5828.jpg,Miscellaneous
image2821.jpg,Jacket
image4288.jpg,Christmas_Tree
image9960.jpg,Candle
image3295.jpg,Miscellaneous
image9790.jpg,Miscellaneous
image7971.jpg,Miscellaneous
image828.jpg,Miscellaneous
image8263.jpg,Miscellaneous
image2996.jpg,Snowman
image196.jpg,Miscellaneous
image2982.jpg,Miscellaneous
image182.jpg,Miscellaneous
image3444.jpg,Christmas_Tree
image7144.jpg,Christmas_Tree
image8277.jpg,Snowman
image5753.jpg,Christmas_Tree
image9141.jpg,Christmas_Tree
image6272.jpg,Miscellaneous
image2014.jpg,Christmas_Tree
image4465.jpg,Miscellaneous
image6514.jpg,Miscellaneous
image6500.jpg,Jacket
image3478.jpg,Miscellaneous
image2766.jpg,Miscellaneous
image7178.jpg,Miscellaneous
image1509.jpg,Christmas_Tree
image633.jpg,Airplane
image3493.jpg,Airplane
image9814.jpg,Airplane
image2799.jpg,Miscellaneous
image2941.jpg,Candle
image9196.jpg,Airplane
image8288.jpg,Miscellaneous
image5974.jpg,Jacket
image5223.jpg,Miscellaneous
image394.jpg,Miscellaneous
image8707.jpg,Airplane
image1045.jpg,Miscellaneous
image9419.jpg,Miscellaneous
image5545.jpg,Miscellaneous
image3120.jpg,Miscellaneous
image4897.jpg,Miscellaneous
image1737.jpg,Miscellaneous
image7420.jpg,Christmas_Tree
image1051.jpg,Miscellaneous
image3646.jpg,Jacket
image380.jpg,Miscellaneous
image6716.jpg,Christmas_Tree
image6064.jpg,Miscellaneous
image4673.jpg,Airplane
image2564.jpg,Christmas_Tree
image6702.jpg,Miscellaneous
image1086.jpg,Miscellaneous
image6931.jpg,Candle
image357.jpg,Miscellaneous
image5586.jpg,Candle
image4854.jpg,Snowman
image5592.jpg,Candle
image425.jpg,Christmas_Tree
image8908.jpg,Christmas_Tree
image6919.jpg,Christmas_Tree
image3859.jpg,Miscellaneous
image4688.jpg,Airplane
image4850.jpg,Miscellaneous
image5596.jpg,Christmas_Tree
image7395.jpg,Christmas_Tree
image5582.jpg,Christmas_Tree
image3695.jpg,Christmas_Tree
image353.jpg,Jacket
image6935.jpg,Christmas_Tree
image1900.jpg,Miscellaneous
image6909.jpg,Jacket
image8924.jpg,Airplane
image3642.jpg,Miscellaneous
image1055.jpg,Jacket
image8071.jpg,Miscellaneous
image1733.jpg,Jacket
image3124.jpg,Miscellaneous
image4887.jpg,Miscellaneous
image5541.jpg,Christmas_Tree
image8065.jpg,Miscellaneous
image390.jpg,Jacket
image2548.jpg,Miscellaneous
image2560.jpg,Snowman
image3118.jpg,Miscellaneous
image9347.jpg,Miscellaneous
image6074.jpg,Candle
image145.jpg,Candle
image2945.jpg,Miscellaneous
image1280.jpg,Miscellaneous
image9804.jpg,Candle
image5970.jpg,Miscellaneous
image7815.jpg,Christmas_Tree
image9186.jpg,Christmas_Tree
image3326.jpg,Miscellaneous
image4449.jpg,Miscellaneous
image8515.jpg,Miscellaneous
image1257.jpg,Miscellaneous
image5031.jpg,Christmas_Tree
image3440.jpg,Miscellaneous
image192.jpg,Miscellaneous
image2992.jpg,Snowman
image8267.jpg,Miscellaneous
image5743.jpg,Christmas_Tree
image9151.jpg,Christmas_Tree
image4475.jpg,Christmas_Tree
image2004.jpg,Airplane
image804.jpg,Miscellaneous
image4313.jpg,Miscellaneous
image8529.jpg,Miscellaneous
image6504.jpg,Airplane
image9637.jpg,Christmas_Tree
image9145.jpg,Miscellaneous
image2831.jpg,Christmas_Tree
image7791.jpg,Miscellaneous
image743.jpg,Miscellaneous
image3285.jpg,Miscellaneous
image1492.jpg,Christmas_Tree
image9958.jpg,Christmas_Tree
image7975.jpg,Airplane
image2819.jpg,Candle
image5810.jpg,Candle
image3252.jpg,Snowman
image8307.jpg,Candle
image7034.jpg,Airplane
image9019.jpg,Miscellaneous
image1323.jpg,Miscellaneous
image3534.jpg,Miscellaneous
image5145.jpg,Jacket
image1337.jpg,Miscellaneous
image6458.jpg,Jacket
image2158.jpg,Miscellaneous
image4529.jpg,Miscellaneous
image1479.jpg,Christmas_Tree
image2170.jpg,Miscellaneous
image4501.jpg,Miscellaneous
image5179.jpg,Miscellaneous
image2616.jpg,Christmas_Tree
image6464.jpg,Candle
image9757.jpg,Miscellaneous
image8449.jpg,Jacket
image2164.jpg,Snowman
image6855.jpg,Miscellaneous
image233.jpg,Candle
image5384.jpg,Jacket
image2399.jpg,Jacket
image541.jpg,Candle
image227.jpg,Candle
image5390.jpg,Airplane
image6841.jpg,Miscellaneous
image7587.jpg,Miscellaneous
image12.jpg,Miscellaneous
image3911.jpg,Airplane
image569.jpg,Miscellaneous
image9596.jpg,Jacket
image8850.jpg,Christmas_Tree
image3905.jpg,Snowman
image3736.jpg,Jacket
image6896.jpg,Miscellaneous
image7550.jpg,Miscellaneous
image1121.jpg,Miscellaneous
image596.jpg,Christmas_Tree
image582.jpg,Jacket
image7222.jpg,Christmas_Tree
image8111.jpg,Miscellaneous
image8677.jpg,Christmas_Tree
image9569.jpg,Christmas_Tree
image5353.jpg,Airplane
image3722.jpg,Miscellaneous
image6672.jpg,Christmas_Tree
image8887.jpg,Miscellaneous
image2400.jpg,Christmas_Tree
image6666.jpg,Miscellaneous
image4716.jpg,Miscellaneous
image3079.jpg,Miscellaneous
image9232.jpg,Miscellaneous
image8892.jpg,Miscellaneous
image6667.jpg,Airplane
image9554.jpg,Miscellaneous
image7579.jpg,Miscellaneous
image4070.jpg,Snowman
image2401.jpg,Miscellaneous
image4064.jpg,Miscellaneous
image9540.jpg,Airplane
image5434.jpg,Miscellaneous
image583.jpg,Miscellaneous
image3045.jpg,Christmas_Tree
image3723.jpg,Candle
image5352.jpg,Miscellaneous
image9568.jpg,Candle
image1120.jpg,Miscellaneous
image8662.jpg,Miscellaneous
image3737.jpg,Jacket
image5346.jpg,Christmas_Tree
image2429.jpg,Jacket
image5420.jpg,Candle
image597.jpg,Miscellaneous
image3904.jpg,Jacket
image13.jpg,Miscellaneous
image568.jpg,Snowman
image1861.jpg,Miscellaneous
image4931.jpg,Miscellaneous
image5391.jpg,Miscellaneous
image3938.jpg,Miscellaneous
image4925.jpg,Christmas_Tree
image2603.jpg,Miscellaneous
image4272.jpg,Miscellaneous
image9756.jpg,Christmas_Tree
image6465.jpg,Christmas_Tree
image9030.jpg,Miscellaneous
image4514.jpg,Miscellaneous
image971.jpg,Miscellaneous
image2171.jpg,Jacket
image1478.jpg,Candle
image6317.jpg,Miscellaneous
image7009.jpg,Candle
image6471.jpg,Miscellaneous
image8474.jpg,Airplane
image6459.jpg,Christmas_Tree
image3247.jpg,Jacket
image781.jpg,Jacket
image4528.jpg,Jacket
image959.jpg,Jacket
image9018.jpg,Miscellaneous
image7035.jpg,Christmas_Tree
image8306.jpg,Christmas_Tree
image5811.jpg,Christmas_Tree
image5805.jpg,Miscellaneous
image3284.jpg,Miscellaneous
image742.jpg,Candle
image5839.jpg,Miscellaneous
image756.jpg,Christmas_Tree
image1487.jpg,Miscellaneous
image7948.jpg,Jacket
image7790.jpg,Christmas_Tree
image2830.jpg,Christmas_Tree
image3469.jpg,Miscellaneous
image4306.jpg,Miscellaneous
image9144.jpg,Miscellaneous
image6277.jpg,Miscellaneous
image811.jpg,Miscellaneous
image2011.jpg,Miscellaneous
image9150.jpg,Jacket
image8528.jpg,Christmas_Tree
image4312.jpg,Candle
image1242.jpg,Airplane
image5024.jpg,Miscellaneous
image3333.jpg,Christmas_Tree
image7155.jpg,Miscellaneous
image8266.jpg,Christmas_Tree
image8272.jpg,Jacket
image2039.jpg,Christmas_Tree
image4448.jpg,Jacket
image3441.jpg,Miscellaneous
image2987.jpg,Candle
image187.jpg,Christmas_Tree
image6539.jpg,Candle
image9839.jpg,Miscellaneous
image7814.jpg,Miscellaneous
image5965.jpg,Miscellaneous
image9187.jpg,Snowman
image8299.jpg,Airplane
image5971.jpg,Christmas_Tree
image2978.jpg,Candle
image3496.jpg,Candle
image2950.jpg,Airplane
image7828.jpg,Miscellaneous
image6288.jpg,Miscellaneous
image7196.jpg,Candle
image636.jpg,Miscellaneous
image5781.jpg,Christmas_Tree
image2944.jpg,Christmas_Tree
image144.jpg,Candle
image4662.jpg,Miscellaneous
image6075.jpg,Christmas_Tree
image8058.jpg,Miscellaneous
image4104.jpg,Miscellaneous
image2561.jpg,Christmas_Tree
image6707.jpg,Miscellaneous
image9434.jpg,Christmas_Tree
image8064.jpg,Candle
image7357.jpg,Airplane
image5226.jpg,Miscellaneous
image4138.jpg,Miscellaneous
image3657.jpg,Candle
image8702.jpg,Miscellaneous
image1040.jpg,Jacket
image9408.jpg,Miscellaneous
image5232.jpg,Miscellaneous
image5554.jpg,Miscellaneous
image4879.jpg,Miscellaneous
image408.jpg,Christmas_Tree
image5583.jpg,Christmas_Tree
image3680.jpg,Snowman
image1097.jpg,Jacket
image4689.jpg,Airplane
image2588.jpg,Miscellaneous
image3696.jpg,Miscellaneous
image6936.jpg,Snowman
image7396.jpg,Jacket
image436.jpg,Snowman
image4847.jpg,Christmas_Tree
image5581.jpg,Miscellaneous
image4853.jpg,Miscellaneous
image5595.jpg,Candle
image1095.jpg,Miscellaneous
image8927.jpg,Miscellaneous
image8099.jpg,Miscellaneous
image1917.jpg,Christmas_Tree
image3866.jpg,Jacket
image8933.jpg,Miscellaneous
image1042.jpg,Jacket
image3655.jpg,Snowman
image393.jpg,Miscellaneous
image1724.jpg,Candle
image8072.jpg,Christmas_Tree
image1730.jpg,Christmas_Tree
image4648.jpg,Miscellaneous
image3127.jpg,Miscellaneous
image3641.jpg,Jacket
image387.jpg,Christmas_Tree
image3899.jpg,Miscellaneous
image7427.jpg,Jacket
image6711.jpg,Miscellaneous
image9344.jpg,Miscellaneous
image1718.jpg,Miscellaneous
image2211.jpg,Miscellaneous
image4674.jpg,Airplane
image9436.jpg,Miscellaneous
image5783.jpg,Christmas_Tree
image1283.jpg,Christmas_Tree
image2946.jpg,Miscellaneous
image146.jpg,Miscellaneous
image7180.jpg,Miscellaneous
image4489.jpg,Christmas_Tree
image5967.jpg,Miscellaneous
image5973.jpg,Miscellaneous
image6249.jpg,Snowman
image2749.jpg,Miscellaneous
image5026.jpg,Miscellaneous
image2991.jpg,Miscellaneous
image3457.jpg,Christmas_Tree
image8502.jpg,Christmas_Tree
image8516.jpg,Miscellaneous
image9608.jpg,Miscellaneous
image1254.jpg,Jacket
image9146.jpg,Candle
image6275.jpg,Jacket
image8258.jpg,Miscellaneous
image9152.jpg,Miscellaneous
image4476.jpg,Miscellaneous
image740.jpg,Christmas_Tree
image3286.jpg,Airplane
image2198.jpg,Miscellaneous
image1491.jpg,Miscellaneous
image5191.jpg,Miscellaneous
image5813.jpg,Candle
image768.jpg,Candle
image1452.jpg,Miscellaneous
image5634.jpg,Miscellaneous
image3245.jpg,Miscellaneous
image3523.jpg,Miscellaneous
image1334.jpg,Miscellaneous
image1320.jpg,Miscellaneous
image8462.jpg,Candle
image3537.jpg,Christmas_Tree
image7037.jpg,Christmas_Tree
image8304.jpg,Airplane
image6329.jpg,Jacket
image967.jpg,Candle
image2167.jpg,Miscellaneous
image5608.jpg,Miscellaneous
image3279.jpg,Christmas_Tree
image7779.jpg,Christmas_Tree
image4264.jpg,Candle
image2615.jpg,Jacket
image9740.jpg,Candle
image973.jpg,Christmas_Tree
image1693.jpg,Miscellaneous
image3084.jpg,Miscellaneous
image3090.jpg,Christmas_Tree
image1687.jpg,Jacket
image7590.jpg,Miscellaneous
image9595.jpg,Miscellaneous
image218.jpg,Miscellaneous
image11.jpg,Airplane
image3912.jpg,Miscellaneous
image8847.jpg,Miscellaneous
image8674.jpg,Miscellaneous
image7547.jpg,Candle
image5350.jpg,Christmas_Tree
image581.jpg,Miscellaneous
image9218.jpg,Candle
image7235.jpg,Miscellaneous
image3053.jpg,Christmas_Tree
image5344.jpg,Airplane
image6895.jpg,Candle
image8660.jpg,Miscellaneous
image8648.jpg,Christmas_Tree
image6665.jpg,Christmas_Tree
image9224.jpg,Miscellaneous
image7209.jpg,Christmas_Tree
image9542.jpg,Christmas_Tree
image8884.jpg,Christmas_Tree
image2417.jpg,Jacket
image1679.jpg,Miscellaneous
image2370.jpg,Miscellaneous
image4701.jpg,Miscellaneous
image4067.jpg,Miscellaneous
image5379.jpg,Christmas_Tree
image2402.jpg,Christmas_Tree
image2364.jpg,Jacket
image9231.jpg,Miscellaneous
image7234.jpg,Airplane
image8107.jpg,Jacket
image9219.jpg,Airplane
image1645.jpg,Candle
image5345.jpg,Miscellaneous
image3720.jpg,Miscellaneous
image8675.jpg,Jacket
image1889.jpg,Miscellaneous
image2358.jpg,Candle
image580.jpg,Christmas_Tree
image3913.jpg,Jacket
image10.jpg,Miscellaneous
image4926.jpg,Candle
image5386.jpg,Miscellaneous
image4098.jpg,Jacket
image6857.jpg,Miscellaneous
image7585.jpg,Miscellaneous
image225.jpg,Miscellaneous
image543.jpg,Snowman
image6472.jpg,Miscellaneous
image9741.jpg,Airplane
image2614.jpg,Airplane
image6314.jpg,Candle
image9027.jpg,Miscellaneous
image8339.jpg,Airplane
image6300.jpg,Airplane
image3278.jpg,Airplane
image4517.jpg,Miscellaneous
image5609.jpg,Miscellaneous
image966.jpg,Airplane
image1309.jpg,Miscellaneous
image2628.jpg,Snowman
image5147.jpg,Miscellaneous
image8463.jpg,Airplane
image7988.jpg,Christmas_Tree
image1447.jpg,Miscellaneous
image3250.jpg,Jacket
image796.jpg,Miscellaneous
image5621.jpg,Miscellaneous
image3244.jpg,Miscellaneous
image5635.jpg,Christmas_Tree
image5153.jpg,Candle
image3522.jpg,Miscellaneous
image769.jpg,Miscellaneous
image5812.jpg,Christmas_Tree
image7793.jpg,Christmas_Tree
image2833.jpg,Christmas_Tree
image5184.jpg,Christmas_Tree
image755.jpg,Airplane
image1484.jpg,Snowman
image1490.jpg,Jacket
image741.jpg,Christmas_Tree
image2827.jpg,Snowman
image6499.jpg,Miscellaneous
image7787.jpg,Miscellaneous
image9635.jpg,Miscellaneous
image4311.jpg,Miscellaneous
image2006.jpg,Christmas_Tree
image5769.jpg,Christmas_Tree
image9153.jpg,Miscellaneous
image2012.jpg,Christmas_Tree
image4463.jpg,Christmas_Tree
image2774.jpg,Christmas_Tree
image2984.jpg,Jacket
image9609.jpg,Miscellaneous
image8271.jpg,Miscellaneous
image3330.jpg,Miscellaneous
image1527.jpg,Miscellaneous
image3456.jpg,Miscellaneous
image5027.jpg,Airplane
image2748.jpg,Miscellaneous
image7803.jpg,Candle
image9190.jpg,Miscellaneous
image7817.jpg,Candle
image5796.jpg,Christmas_Tree
image7181.jpg,Miscellaneous
image3495.jpg,Snowman
image153.jpg,Christmas_Tree
image1282.jpg,Miscellaneous
image9351.jpg,Airplane
image2562.jpg,Miscellaneous
image6710.jpg,Candle
image2576.jpg,Miscellaneous
image4107.jpg,Miscellaneous
image6076.jpg,Miscellaneous
image7368.jpg,Miscellaneous
image1731.jpg,Miscellaneous
image8715.jpg,Airplane
image6738.jpg,Christmas_Tree
image386.jpg,Christmas_Tree
image392.jpg,Miscellaneous
image1043.jpg,Miscellaneous
image9379.jpg,Jacket
image3132.jpg,Christmas_Tree
image4885.jpg,Miscellaneous
image1916.jpg,Miscellaneous
image8932.jpg,Christmas_Tree
image1902.jpg,Snowman
image9386.jpg,Miscellaneous
image423.jpg,Christmas_Tree
image345.jpg,Snowman
image3683.jpg,Miscellaneous
image1080.jpg,Miscellaneous
image6937.jpg,Miscellaneous
image3697.jpg,Miscellaneous
image5580.jpg,Miscellaneous
image6090.jpg,Miscellaneous
image5599.jpg,Snowman
image3856.jpg,Christmas_Tree
image8903.jpg,Christmas_Tree
image8917.jpg,Jacket
image360.jpg,Miscellaneous
image8095.jpg,Christmas_Tree
image406.jpg,Miscellaneous
image6053.jpg,Christmas_Tree
image3881.jpg,Jacket
image6721.jpg,Christmas_Tree
image9412.jpg,Christmas_Tree
image6047.jpg,Miscellaneous
image1700.jpg,Miscellaneous
image6709.jpg,Miscellaneous
image7417.jpg,Jacket
image7403.jpg,Miscellaneous
image5572.jpg,Candle
image7365.jpg,Miscellaneous
image1714.jpg,Miscellaneous
image5943.jpg,Miscellaneous
image7198.jpg,Christmas_Tree
image2786.jpg,Candle
image176.jpg,Miscellaneous
image8297.jpg,Christmas_Tree
image6537.jpg,Miscellaneous
image9162.jpg,Miscellaneous
image6251.jpg,Christmas_Tree
image4446.jpg,Snowman
image3329.jpg,Miscellaneous
image837.jpg,Snowman
image5758.jpg,Miscellaneous
image4452.jpg,Snowman
image2023.jpg,Miscellaneous
image8268.jpg,Christmas_Tree
image6523.jpg,Candle
image4334.jpg,Miscellaneous
image7615.jpg,Airplane
image8526.jpg,Christmas_Tree
image1264.jpg,Snowman
image5002.jpg,Airplane
image5764.jpg,Miscellaneous
image1502.jpg,Miscellaneous
image6279.jpg,Jacket
image1516.jpg,Airplane
image3301.jpg,Christmas_Tree
image5770.jpg,Candle
image5016.jpg,Miscellaneous
image4308.jpg,Miscellaneous
image1270.jpg,Jacket
image5189.jpg,Miscellaneous
image4297.jpg,Christmas_Tree
image5837.jpg,Jacket
image2180.jpg,Miscellaneous
image5823.jpg,Christmas_Tree
image7952.jpg,Miscellaneous
image8491.jpg,Miscellaneous
image770.jpg,Snowman
image9943.jpg,Miscellaneous
image4254.jpg,Miscellaneous
image2143.jpg,Miscellaneous
image4532.jpg,Miscellaneous
image6331.jpg,Christmas_Tree
image7991.jpg,Miscellaneous
image7749.jpg,Miscellaneous
image4240.jpg,Jacket
image7761.jpg,Miscellaneous
image4268.jpg,Miscellaneous
image3507.jpg,Snowman
image2619.jpg,Christmas_Tree
image5610.jpg,Christmas_Tree
image6319.jpg,Miscellaneous
image1462.jpg,Miscellaneous
image8446.jpg,Miscellaneous
image3922.jpg,Christmas_Tree
image6682.jpg,Miscellaneous
image8863.jpg,Christmas_Tree
image35.jpg,Jacket
image228.jpg,Miscellaneous
image2396.jpg,Miscellaneous
image214.jpg,Miscellaneous
image9599.jpg,Jacket
image8687.jpg,Jacket
image4903.jpg,Christmas_Tree
image572.jpg,Jacket
image4730.jpg,Christmas_Tree
image2341.jpg,Miscellaneous
image7239.jpg,Miscellaneous
image1890.jpg,Miscellaneous
image6641.jpg,Christmas_Tree
image5348.jpg,Christmas_Tree
image1674.jpg,Christmas_Tree
image5412.jpg,Christmas_Tree
image5374.jpg,Miscellaneous
image8650.jpg,Miscellaneous
image8888.jpg,Christmas_Tree
image6669.jpg,Miscellaneous
image5360.jpg,Miscellaneous
image4718.jpg,Christmas_Tree
image3077.jpg,Miscellaneous
image5406.jpg,Christmas_Tree
image1660.jpg,Miscellaneous
image8122.jpg,Christmas_Tree
image7576.jpg,Christmas_Tree
image8645.jpg,Miscellaneous
image7210.jpg,Christmas_Tree
image5407.jpg,Snowman
image3076.jpg,Miscellaneous
image4719.jpg,Airplane
image3062.jpg,Miscellaneous
image7204.jpg,Snowman
image8137.jpg,Christmas_Tree
image9229.jpg,Candle
image7562.jpg,Snowman
image9567.jpg,Miscellaneous
image2354.jpg,Miscellaneous
image1885.jpg,Miscellaneous
image9201.jpg,Christmas_Tree
image9215.jpg,Miscellaneous
image3738.jpg,Miscellaneous
image5349.jpg,Snowman
image6640.jpg,Miscellaneous
image215.jpg,Miscellaneous
image4916.jpg,Jacket
image3937.jpg,Airplane
image229.jpg,Miscellaneous
image7589.jpg,Christmas_Tree
image6697.jpg,Christmas_Tree
image3089.jpg,Miscellaneous
image6683.jpg,Miscellaneous
image4094.jpg,Christmas_Tree
image8447.jpg,Christmas_Tree
image7774.jpg,Miscellaneous
image1305.jpg,Airplane
image5163.jpg,Jacket
image3512.jpg,Snowman
image3506.jpg,Candle
image4269.jpg,Christmas_Tree
image2156.jpg,Miscellaneous
image2630.jpg,Miscellaneous
image7748.jpg,Miscellaneous
image9771.jpg,Miscellaneous
image2624.jpg,Christmas_Tree
image4255.jpg,Airplane
image4533.jpg,Miscellaneous
image2142.jpg,Miscellaneous
image942.jpg,Jacket
image9017.jpg,Miscellaneous
image771.jpg,Miscellaneous
image2817.jpg,Christmas_Tree
image8490.jpg,Miscellaneous
image9956.jpg,Miscellaneous
image2803.jpg,Miscellaneous
image2195.jpg,Christmas_Tree
image995.jpg,Miscellaneous
image7947.jpg,Candle
image6481.jpg,Jacket
image1488.jpg,Miscellaneous
image2181.jpg,Jacket
image5836.jpg,Miscellaneous
image5771.jpg,Airplane
image7166.jpg,Miscellaneous
image6278.jpg,Miscellaneous
image4309.jpg,Jacket
image3466.jpg,Miscellaneous
image3472.jpg,Candle
image1265.jpg,Miscellaneous
image8241.jpg,Candle
image5765.jpg,Miscellaneous
image3314.jpg,Miscellaneous
image8269.jpg,Christmas_Tree
image2022.jpg,Miscellaneous
image4453.jpg,Miscellaneous
image9611.jpg,Miscellaneous
image1259.jpg,Miscellaneous
image7628.jpg,Christmas_Tree
image2750.jpg,Miscellaneous
image3328.jpg,Miscellaneous
image6250.jpg,Miscellaneous
image9163.jpg,Miscellaneous
image8296.jpg,Miscellaneous
image7199.jpg,Jacket
image3499.jpg,Miscellaneous
image5215.jpg,Christmas_Tree
image7402.jpg,Miscellaneous
image1073.jpg,Miscellaneous
image4679.jpg,Christmas_Tree
image3116.jpg,Snowman
image5567.jpg,Christmas_Tree
image8043.jpg,Jacket
image8725.jpg,Christmas_Tree
image6720.jpg,Miscellaneous
image3880.jpg,Miscellaneous
image9375.jpg,Candle
image1729.jpg,Candle
image7358.jpg,Miscellaneous
image6052.jpg,Miscellaneous
image2552.jpg,Christmas_Tree
image6907.jpg,Miscellaneous
image8080.jpg,Snowman
image6913.jpg,Miscellaneous
image1932.jpg,Miscellaneous
image4692.jpg,Jacket
image4686.jpg,Christmas_Tree
image349.jpg,Snowman
image4690.jpg,Candle
image1930.jpg,Snowman
image8900.jpg,Airplane
image9388.jpg,Jacket
image8096.jpg,Snowman
image9377.jpg,Snowman
image4135.jpg,Airplane
image3882.jpg,Candle
image1059.jpg,Miscellaneous
image3896.jpg,Christmas_Tree
image5559.jpg,Miscellaneous
image6050.jpg,Miscellaneous
image5571.jpg,Miscellaneous
image3100.jpg,Miscellaneous
image7366.jpg,Christmas_Tree
image9439.jpg,Miscellaneous
image7414.jpg,Miscellaneous
image8727.jpg,Jacket
image1703.jpg,Christmas_Tree
image5954.jpg,Miscellaneous
image5940.jpg,Miscellaneous
image6291.jpg,Miscellaneous
image1298.jpg,Miscellaneous
image7819.jpg,Miscellaneous
image9834.jpg,Miscellaneous
image8280.jpg,Miscellaneous
image613.jpg,Candle
image2975.jpg,Christmas_Tree
image6520.jpg,Jacket
image4337.jpg,Airplane
image4451.jpg,Snowman
image2020.jpg,Miscellaneous
image6246.jpg,Christmas_Tree
image1529.jpg,Miscellaneous
image7158.jpg,Miscellaneous
image4445.jpg,Miscellaneous
image2034.jpg,Miscellaneous
image4323.jpg,Miscellaneous
image9607.jpg,Miscellaneous
image1273.jpg,Miscellaneous
image9149.jpg,Jacket
image1515.jpg,Candle
image3302.jpg,Candle
image3316.jpg,Miscellaneous
image5767.jpg,Christmas_Tree
image7170.jpg,Snowman
image8525.jpg,Miscellaneous
image6508.jpg,Christmas_Tree
image3470.jpg,Christmas_Tree
image997.jpg,Jacket
image2183.jpg,Miscellaneous
image6483.jpg,Airplane
image4294.jpg,Miscellaneous
image9940.jpg,Jacket
image9798.jpg,Miscellaneous
image2815.jpg,Candle
image2801.jpg,Christmas_Tree
image8492.jpg,Christmas_Tree
image9767.jpg,Christmas_Tree
image8479.jpg,Christmas_Tree
image4243.jpg,Miscellaneous
image2632.jpg,Miscellaneous
image2154.jpg,Jacket
image6332.jpg,Miscellaneous
image9015.jpg,Miscellaneous
image2140.jpg,Christmas_Tree
image4257.jpg,Miscellaneous
image3538.jpg,Miscellaneous
image5161.jpg,Miscellaneous
image1307.jpg,Christmas_Tree
image1461.jpg,Miscellaneous
image2168.jpg,Christmas_Tree
image5613.jpg,Miscellaneous
image8337.jpg,Jacket
image4082.jpg,Candle
image8874.jpg,Candle
image6681.jpg,Christmas_Tree
image6859.jpg,Jacket
image1850.jpg,Christmas_Tree
image2381.jpg,Snowman
image559.jpg,Christmas_Tree
image571.jpg,Miscellaneous
image217.jpg,Christmas_Tree
image6871.jpg,Miscellaneous
image6865.jpg,Airplane
image203.jpg,Candle
image9203.jpg,Miscellaneous
image6130.jpg,Christmas_Tree
image1139.jpg,Miscellaneous
image9565.jpg,Miscellaneous
image4055.jpg,Candle
image9217.jpg,Miscellaneous
image6124.jpg,Jacket
image8109.jpg,Miscellaneous
image3074.jpg,Miscellaneous
image1663.jpg,Snowman
image7574.jpg,Candle
image8647.jpg,Miscellaneous
image5363.jpg,Miscellaneous
image5377.jpg,Miscellaneous
image8653.jpg,Christmas_Tree
image7206.jpg,Miscellaneous
image1110.jpg,Snowman
image8652.jpg,Snowman
image3707.jpg,Miscellaneous
image5410.jpg,Miscellaneous
image8134.jpg,Christmas_Tree
image7207.jpg,Christmas_Tree
image6119.jpg,Snowman
image8120.jpg,Christmas_Tree
image7213.jpg,Candle
image1662.jpg,Airplane
image5404.jpg,Miscellaneous
image5362.jpg,Miscellaneous
image4054.jpg,Miscellaneous
image2425.jpg,Jacket
image8108.jpg,Airplane
image6125.jpg,Miscellaneous
image9216.jpg,Miscellaneous
image2343.jpg,Miscellaneous
image5438.jpg,Candle
image3049.jpg,Miscellaneous
image4726.jpg,Miscellaneous
image1886.jpg,Miscellaneous
image6131.jpg,Miscellaneous
image9564.jpg,Candle
image1138.jpg,Miscellaneous
image7549.jpg,Snowman
image8691.jpg,Miscellaneous
image8849.jpg,Christmas_Tree
image570.jpg,Christmas_Tree
image1879.jpg,Christmas_Tree
image3908.jpg,Miscellaneous
image216.jpg,Christmas_Tree
image2380.jpg,Jacket
image4929.jpg,Candle
image3934.jpg,Christmas_Tree
image37.jpg,Jacket
image9028.jpg,Jacket
image8336.jpg,Miscellaneous
image7763.jpg,Miscellaneous
image7777.jpg,Snowman
image6469.jpg,Miscellaneous
image5160.jpg,Airplane
image4518.jpg,Candle
image969.jpg,Christmas_Tree
image5606.jpg,Miscellaneous
image1460.jpg,Christmas_Tree
image941.jpg,Miscellaneous
image3539.jpg,Candle
image9766.jpg,Candle
image9000.jpg,Christmas_Tree
image7978.jpg,Candle
image9941.jpg,Miscellaneous
image982.jpg,Miscellaneous
image2182.jpg,Christmas_Tree
image7944.jpg,Christmas_Tree
image6482.jpg,Christmas_Tree
image7788.jpg,Jacket
image4281.jpg,Christmas_Tree
image2196.jpg,Miscellaneous
image3317.jpg,Miscellaneous
image4478.jpg,Miscellaneous
image5000.jpg,Miscellaneous
image8524.jpg,Snowman
image1272.jpg,Christmas_Tree
image7165.jpg,Christmas_Tree
image8256.jpg,Miscellaneous
image9148.jpg,Christmas_Tree
image6253.jpg,Miscellaneous
image9606.jpg,Miscellaneous
image4322.jpg,Miscellaneous
image2753.jpg,Christmas_Tree
image4336.jpg,Miscellaneous
image2747.jpg,Miscellaneous
image5028.jpg,Airplane
image9174.jpg,Christmas_Tree
image6247.jpg,Miscellaneous
image2021.jpg,Christmas_Tree
image4450.jpg,Miscellaneous
image8281.jpg,Miscellaneous
image2960.jpg,Miscellaneous
image160.jpg,Miscellaneous
image9835.jpg,Miscellaneous
image8295.jpg,Miscellaneous
image6290.jpg,Miscellaneous
image5799.jpg,Christmas_Tree
image2790.jpg,Airplane
image148.jpg,Miscellaneous
image7824.jpg,Airplane
image8726.jpg,Miscellaneous
image7415.jpg,Snowman
image1702.jpg,Miscellaneous
image4108.jpg,Miscellaneous
image3897.jpg,Christmas_Tree
image389.jpg,Snowman
image1058.jpg,Miscellaneous
image6051.jpg,Miscellaneous
image4646.jpg,Jacket
image3129.jpg,Miscellaneous
image9376.jpg,Airplane
image8068.jpg,Snowman
image3883.jpg,Christmas_Tree
image2545.jpg,Snowman
image4134.jpg,Snowman
image4875.jpg,Airplane
image404.jpg,Miscellaneous
image8097.jpg,Miscellaneous
image362.jpg,Christmas_Tree
image3854.jpg,Miscellaneous
image4849.jpg,Miscellaneous
image438.jpg,Airplane
image2586.jpg,Candle
image1935.jpg,Miscellaneous
image6928.jpg,Jacket
image8905.jpg,Miscellaneous
image7405.jpg,Candle
image7363.jpg,Jacket
image8050.jpg,Miscellaneous
image6069.jpg,Candle
image5560.jpg,Candle
image3111.jpg,Jacket
image3677.jpg,Christmas_Tree
image2541.jpg,Airplane
image1048.jpg,Miscellaneous
image9372.jpg,Miscellaneous
image2227.jpg,Christmas_Tree
image4656.jpg,Miscellaneous
image2233.jpg,Miscellaneous
image4642.jpg,Christmas_Tree
image9366.jpg,Miscellaneous
image8291.jpg,Miscellaneous
image6280.jpg,Miscellaneous
image4497.jpg,Christmas_Tree
image2780.jpg,Christmas_Tree
image1289.jpg,Airplane
image5945.jpg,Christmas_Tree
image1510.jpg,Miscellaneous
image5776.jpg,Christmas_Tree
image2019.jpg,Miscellaneous
image3461.jpg,Miscellaneous
image8534.jpg,Miscellaneous
image8520.jpg,Miscellaneous
image1262.jpg,Miscellaneous
image5004.jpg,Airplane
image3475.jpg,Miscellaneous
image3313.jpg,Jacket
image7175.jpg,Airplane
image4454.jpg,Miscellaneous
image6525.jpg,Miscellaneous
image9616.jpg,Miscellaneous
image4332.jpg,Christmas_Tree
image4326.jpg,Miscellaneous
image6531.jpg,Airplane
image9602.jpg,Miscellaneous
image6257.jpg,Christmas_Tree
image831.jpg,Christmas_Tree
image776.jpg,Snowman
image2810.jpg,Miscellaneous
image9951.jpg,Miscellaneous
image5825.jpg,Snowman
image2192.jpg,Christmas_Tree
image992.jpg,Jacket
image4285.jpg,Miscellaneous
image7954.jpg,Miscellaneous
image7940.jpg,Christmas_Tree
image2186.jpg,Christmas_Tree
image8326.jpg,Jacket
image9038.jpg,Candle
image3515.jpg,Miscellaneous
image8440.jpg,Miscellaneous
image1316.jpg,Candle
image3501.jpg,Christmas_Tree
image5170.jpg,Miscellaneous
image979.jpg,Miscellaneous
image1470.jpg,Christmas_Tree
image789.jpg,Candle
image7029.jpg,Miscellaneous
image6337.jpg,Candle
image7997.jpg,Miscellaneous
image6451.jpg,Miscellaneous
image4246.jpg,Miscellaneous
image5158.jpg,Snowman
image7983.jpg,Miscellaneous
image2145.jpg,Miscellaneous
image8859.jpg,Miscellaneous
image8681.jpg,Christmas_Tree
image4911.jpg,Miscellaneous
image560.jpg,Miscellaneous
image1869.jpg,Miscellaneous
image206.jpg,Miscellaneous
image33.jpg,Airplane
image3930.jpg,Miscellaneous
image1841.jpg,Christmas_Tree
image1855.jpg,Miscellaneous
image2384.jpg,Miscellaneous
image4093.jpg,Airplane
image27.jpg,Candle
image1100.jpg,Miscellaneous
image5366.jpg,Snowman
image3071.jpg,Christmas_Tree
image1666.jpg,Miscellaneous
image8124.jpg,Christmas_Tree
image1672.jpg,Candle
image8130.jpg,Christmas_Tree
image7565.jpg,Miscellaneous
image1114.jpg,Candle
image9560.jpg,Jacket
image8118.jpg,Jacket
image4736.jpg,Miscellaneous
image6121.jpg,Miscellaneous
image6647.jpg,Miscellaneous
image2421.jpg,Christmas_Tree
image6120.jpg,Miscellaneous
image3058.jpg,Christmas_Tree
image1129.jpg,Christmas_Tree
image9575.jpg,Miscellaneous
image7558.jpg,Christmas_Tree
image4045.jpg,Airplane
image1673.jpg,Airplane
image8657.jpg,Airplane
image7564.jpg,Airplane
image3702.jpg,Miscellaneous
image5373.jpg,Candle
image5367.jpg,Miscellaneous
image7570.jpg,Miscellaneous
image8125.jpg,Snowman
image7216.jpg,Jacket
image5401.jpg,Christmas_Tree
image3070.jpg,Candle
image1854.jpg,Miscellaneous
image3925.jpg,Miscellaneous
image26.jpg,Miscellaneous
image4092.jpg,Miscellaneous
image32.jpg,Miscellaneous
image6849.jpg,Christmas_Tree
image2391.jpg,Miscellaneous
image1868.jpg,Christmas_Tree
image8694.jpg,Christmas_Tree
image8858.jpg,Christmas_Tree
image213.jpg,Candle
image575.jpg,Christmas_Tree
image4253.jpg,Miscellaneous
image4535.jpg,Miscellaneous
image1459.jpg,Candle
image6336.jpg,Miscellaneous
image788.jpg,Snowman
image2150.jpg,Jacket
image6450.jpg,Miscellaneous
image3500.jpg,Candle
image6478.jpg,Miscellaneous
image5617.jpg,Miscellaneous
image9039.jpg,Candle
image7772.jpg,Christmas_Tree
image1303.jpg,Christmas_Tree
image5165.jpg,Miscellaneous
image3514.jpg,Miscellaneous
image987.jpg,Miscellaneous
image2193.jpg,Miscellaneous
image9788.jpg,Jacket
image7969.jpg,Jacket
image9603.jpg,Miscellaneous
image5039.jpg,Snowman
image2756.jpg,Miscellaneous
image830.jpg,Christmas_Tree
image4441.jpg,Miscellaneous
image5987.jpg,Christmas_Tree
image6256.jpg,Christmas_Tree
image1539.jpg,Christmas_Tree
image2024.jpg,Jacket
image9617.jpg,Miscellaneous
image1263.jpg,Christmas_Tree
image8247.jpg,Jacket
image1505.jpg,Christmas_Tree
image5763.jpg,Christmas_Tree
image3312.jpg,Jacket
image818.jpg,Airplane
image5777.jpg,Candle
image3306.jpg,Airplane
image8253.jpg,Airplane
image1277.jpg,Jacket
image7835.jpg,Miscellaneous
image6295.jpg,Miscellaneous
image171.jpg,Christmas_Tree
image8284.jpg,Christmas_Tree
image8290.jpg,Miscellaneous
image165.jpg,Miscellaneous
image9830.jpg,Miscellaneous
image6054.jpg,Miscellaneous
image4643.jpg,Jacket
image2232.jpg,Miscellaneous
image4125.jpg,Candle
image6732.jpg,Christmas_Tree
image1049.jpg,Miscellaneous
image2540.jpg,Christmas_Tree
image398.jpg,Miscellaneous
image5549.jpg,Miscellaneous
image2226.jpg,Christmas_Tree
image6040.jpg,Miscellaneous
image9373.jpg,Christmas_Tree
image3110.jpg,Jacket
image5561.jpg,Miscellaneous
image1707.jpg,Miscellaneous
image6068.jpg,Candle
image8045.jpg,Candle
image8723.jpg,Candle
image1061.jpg,Candle
image9429.jpg,Miscellaneous
image8051.jpg,Miscellaneous
image5575.jpg,Christmas_Tree
image4858.jpg,Miscellaneous
image4680.jpg,Candle
image429.jpg,Miscellaneous
image7389.jpg,Candle
image8904.jpg,Miscellaneous
image6929.jpg,Miscellaneous
image2597.jpg,Christmas_Tree
image3851.jpg,Miscellaneous
image3845.jpg,Christmas_Tree
image1934.jpg,Snowman
image4694.jpg,Miscellaneous
image9398.jpg,Snowman
image3879.jpg,Miscellaneous
image4866.jpg,Miscellaneous
image8090.jpg,Airplane
image4872.jpg,Christmas_Tree
image6903.jpg,Jacket
image8906.jpg,Airplane
image6095.jpg,Christmas_Tree
image4682.jpg,Miscellaneous
image3847.jpg,Christmas_Tree
image2581.jpg,Miscellaneous
image1063.jpg,Christmas_Tree
image2218.jpg,Miscellaneous
image1711.jpg,Christmas_Tree
image3660.jpg,Miscellaneous
image6730.jpg,Christmas_Tree
image9403.jpg,Miscellaneous
image3648.jpg,Christmas_Tree
image2230.jpg,Miscellaneous
image4641.jpg,Christmas_Tree
image7348.jpg,Miscellaneous
image1739.jpg,Airplane
image6042.jpg,Candle
image4655.jpg,Christmas_Tree
image4133.jpg,Christmas_Tree
image2542.jpg,Miscellaneous
image9417.jpg,Miscellaneous
image8709.jpg,Christmas_Tree
image615.jpg,Christmas_Tree
image2973.jpg,Christmas_Tree
image9826.jpg,Miscellaneous
image9832.jpg,Miscellaneous
image601.jpg,Jacket
image8292.jpg,Miscellaneous
image3489.jpg,Miscellaneous
image2783.jpg,Christmas_Tree
image6283.jpg,Miscellaneous
image5952.jpg,Airplane
image5761.jpg,Airplane
image7176.jpg,Christmas_Tree
image8245.jpg,Christmas_Tree
image7610.jpg,Miscellaneous
image8523.jpg,Christmas_Tree
image3462.jpg,Jacket
image8251.jpg,Jacket
image9167.jpg,Christmas_Tree
image8279.jpg,Christmas_Tree
image2754.jpg,Christmas_Tree
image4325.jpg,Miscellaneous
image6532.jpg,Miscellaneous
image6526.jpg,Miscellaneous
image2740.jpg,Christmas_Tree
image2026.jpg,Miscellaneous
image6240.jpg,Candle
image2807.jpg,Miscellaneous
image9952.jpg,Miscellaneous
image985.jpg,Christmas_Tree
image7943.jpg,Christmas_Tree
image4292.jpg,Miscellaneous
image7957.jpg,Christmas_Tree
image6491.jpg,Miscellaneous
image1498.jpg,Snowman
image749.jpg,Miscellaneous
image5826.jpg,Miscellaneous
image991.jpg,Christmas_Tree
image7002.jpg,Christmas_Tree
image1473.jpg,Miscellaneous
image4279.jpg,Miscellaneous
image5167.jpg,Miscellaneous
image1301.jpg,Miscellaneous
image6320.jpg,Christmas_Tree
image946.jpg,Jacket
image5629.jpg,Miscellaneous
image2620.jpg,Candle
image7980.jpg,Miscellaneous
image9775.jpg,Candle
image6446.jpg,Miscellaneous
image6452.jpg,Miscellaneous
image4523.jpg,Miscellaneous
image8319.jpg,Miscellaneous
image9007.jpg,Miscellaneous
image6863.jpg,Candle
image563.jpg,Candle
image577.jpg,Miscellaneous
image211.jpg,Christmas_Tree
image6877.jpg,Miscellaneous
image6687.jpg,Christmas_Tree
image8872.jpg,Miscellaneous
image3099.jpg,Miscellaneous
image1842.jpg,Miscellaneous
image6693.jpg,Miscellaneous
image30.jpg,Christmas_Tree
image3933.jpg,Miscellaneous
image3700.jpg,Miscellaneous
image7566.jpg,Miscellaneous
image9239.jpg,Miscellaneous
image7214.jpg,Miscellaneous
image8669.jpg,Miscellaneous
image6644.jpg,Miscellaneous
image6122.jpg,Christmas_Tree
image9211.jpg,Christmas_Tree
image2350.jpg,Airplane
image5359.jpg,Jacket
image3728.jpg,Candle
image2351.jpg,Snowman
image589.jpg,Christmas_Tree
image8668.jpg,Miscellaneous
image1894.jpg,Christmas_Tree
image9210.jpg,Miscellaneous
image2345.jpg,Christmas_Tree
image7215.jpg,Candle
image3073.jpg,Miscellaneous
image8898.jpg,Airplane
image7567.jpg,Miscellaneous
image8132.jpg,Jacket
image1670.jpg,Jacket
image1843.jpg,Jacket
image2392.jpg,Miscellaneous
image3932.jpg,Miscellaneous
image7598.jpg,Jacket
image25.jpg,Miscellaneous
image2386.jpg,Miscellaneous
image576.jpg,Christmas_Tree
image4907.jpg,Christmas_Tree
image6862.jpg,Candle
image2635.jpg,Christmas_Tree
image9006.jpg,Miscellaneous
image4522.jpg,Candle
image2153.jpg,Miscellaneous
image3259.jpg,Miscellaneous
image5628.jpg,Miscellaneous
image6321.jpg,Airplane
image9012.jpg,Miscellaneous
image7759.jpg,Miscellaneous
image7981.jpg,Miscellaneous
image2621.jpg,Miscellaneous
image4278.jpg,Miscellaneous
image5600.jpg,Miscellaneous
image1466.jpg,Jacket
image1472.jpg,Miscellaneous
image8456.jpg,Miscellaneous
image1314.jpg,Miscellaneous
image4287.jpg,Christmas_Tree
image2190.jpg,Candle
image5827.jpg,Christmas_Tree
image984.jpg,Airplane
image6484.jpg,Jacket
image9947.jpg,Miscellaneous
image760.jpg,Miscellaneous
image9953.jpg,Christmas_Tree
image199.jpg,Miscellaneous
image2741.jpg,Snowman
image6527.jpg,Christmas_Tree
image7639.jpg,Jacket
image5748.jpg,Miscellaneous
image4456.jpg,Miscellaneous
image4442.jpg,Snowman
image9166.jpg,Snowman
image6533.jpg,Jacket
image4324.jpg,Miscellaneous
image8536.jpg,Miscellaneous
image7605.jpg,Christmas_Tree
image5012.jpg,Miscellaneous
image5774.jpg,Christmas_Tree
image3305.jpg,Miscellaneous
image7177.jpg,Airplane
image1506.jpg,Christmas_Tree
image5760.jpg,Miscellaneous
image4318.jpg,Miscellaneous
image1260.jpg,Miscellaneous
image5953.jpg,Airplane
image4481.jpg,Miscellaneous
image2796.jpg,Miscellaneous
image2966.jpg,Snowman
image8287.jpg,Miscellaneous
image2225.jpg,Miscellaneous
image6725.jpg,Christmas_Tree
image3885.jpg,Christmas_Tree
image6731.jpg,Miscellaneous
image1738.jpg,Christmas_Tree
image6057.jpg,Miscellaneous
image7349.jpg,Candle
image4898.jpg,Christmas_Tree
image8052.jpg,Christmas_Tree
image4668.jpg,Airplane
image5576.jpg,Christmas_Tree
image6719.jpg,Miscellaneous
image1062.jpg,Jacket
image3113.jpg,Miscellaneous
image5562.jpg,Miscellaneous
image6080.jpg,Miscellaneous
image5589.jpg,Miscellaneous
image8907.jpg,Airplane
image2594.jpg,Miscellaneous
image3852.jpg,Christmas_Tree
image4683.jpg,Miscellaneous
image364.jpg,Airplane
image370.jpg,Christmas_Tree
image4867.jpg,Miscellaneous
image6795.jpg,Christmas_Tree
image8960.jpg,Christmas_Tree
image2295.jpg,Miscellaneous
image1944.jpg,Miscellaneous
image1788.jpg,Christmas_Tree
image3821.jpg,Jacket
image4196.jpg,Candle
image6959.jpg,Miscellaneous
image6781.jpg,Miscellaneous
image8784.jpg,Miscellaneous
image1978.jpg,Christmas_Tree
image4800.jpg,Miscellaneous
image4814.jpg,Airplane
image8948.jpg,Miscellaneous
image2530.jpg,Jacket
image9465.jpg,Candle
image1987.jpg,Miscellaneous
image6030.jpg,Christmas_Tree
image2256.jpg,Miscellaneous
image3148.jpg,Christmas_Tree
image1993.jpg,Candle
image9317.jpg,Miscellaneous
image3612.jpg,Miscellaneous
image1763.jpg,Christmas_Tree
image7306.jpg,Airplane
image5511.jpg,Jacket
image5277.jpg,Christmas_Tree
image7460.jpg,Airplane
image8753.jpg,Airplane
image897.jpg,Miscellaneous
image3389.jpg,Christmas_Tree
image2929.jpg,Christmas_Tree
image129.jpg,Christmas_Tree
image7851.jpg,Miscellaneous
image9868.jpg,Candle
image2083.jpg,Miscellaneous
image2915.jpg,Jacket
image7879.jpg,Airplane
image7.jpg,Miscellaneous
image2054.jpg,Miscellaneous
image854.jpg,Miscellaneous
image6232.jpg,Jacket
image7892.jpg,Miscellaneous
image2732.jpg,Miscellaneous
image5049.jpg,Miscellaneous
image2726.jpg,Christmas_Tree
image4357.jpg,Christmas_Tree
image6540.jpg,Miscellaneous
image9673.jpg,Miscellaneous
image9115.jpg,Miscellaneous
image7138.jpg,Miscellaneous
image4431.jpg,Miscellaneous
image2068.jpg,Miscellaneous
image5707.jpg,Miscellaneous
image8545.jpg,Miscellaneous
image6568.jpg,Christmas_Tree
image8551.jpg,Miscellaneous
image5075.jpg,Miscellaneous
image7104.jpg,Christmas_Tree
image6385.jpg,Candle
image2685.jpg,Jacket
image7931.jpg,Candle
image1398.jpg,Miscellaneous
image2849.jpg,Jacket
image4586.jpg,Christmas_Tree
image707.jpg,Airplane
image8394.jpg,Airplane
image713.jpg,Christmas_Tree
image2120.jpg,Christmas_Tree
image5897.jpg,Jacket
image7058.jpg,Miscellaneous
image1429.jpg,Christmas_Tree
image9075.jpg,Christmas_Tree
image2646.jpg,Jacket
image4223.jpg,Christmas_Tree
image6434.jpg,Snowman
image9707.jpg,Miscellaneous
image6352.jpg,Miscellaneous
image9049.jpg,Christmas_Tree
image5673.jpg,Miscellaneous
image3202.jpg,Miscellaneous
image3564.jpg,Miscellaneous
image5115.jpg,Miscellaneous
image7702.jpg,Christmas_Tree
image7716.jpg,Miscellaneous
image5101.jpg,Miscellaneous
image8343.jpg,Airplane
image6839.jpg,Christmas_Tree
image3941.jpg,Candle
image1824.jpg,Airplane
image6193.jpg,Miscellaneous
image4784.jpg,Miscellaneous
image263.jpg,Candle
image6805.jpg,Miscellaneous
image505.jpg,Miscellaneous
image1818.jpg,Christmas_Tree
image8182.jpg,Christmas_Tree
image6622.jpg,Miscellaneous
image6144.jpg,Miscellaneous
image4753.jpg,Airplane
image2322.jpg,Christmas_Tree
image6150.jpg,Christmas_Tree
image7528.jpg,Christmas_Tree
image6636.jpg,Christmas_Tree
image3996.jpg,Miscellaneous
image8633.jpg,Snowman
image1171.jpg,Candle
image5317.jpg,Miscellaneous
image4009.jpg,Christmas_Tree
image5471.jpg,Christmas_Tree
image6178.jpg,Airplane
image1617.jpg,Jacket
image7266.jpg,Candle
image7272.jpg,Christmas_Tree
image3014.jpg,Miscellaneous
image5303.jpg,Christmas_Tree
image3772.jpg,Snowman
image9539.jpg,Airplane
image5464.jpg,Miscellaneous
image3015.jpg,Jacket
image7515.jpg,Christmas_Tree
image2479.jpg,Jacket
image5316.jpg,Miscellaneous
image6179.jpg,Christmas_Tree
image3001.jpg,Miscellaneous
image5458.jpg,Miscellaneous
image2337.jpg,Miscellaneous
image289.jpg,Airplane
image94.jpg,Miscellaneous
image7529.jpg,Airplane
image9510.jpg,Jacket
image4034.jpg,Christmas_Tree
image3983.jpg,Christmas_Tree
image8168.jpg,Christmas_Tree
image8183.jpg,Miscellaneous
image3968.jpg,Christmas_Tree
image276.jpg,Christmas_Tree
image6810.jpg,Miscellaneous
image8829.jpg,Miscellaneous
image262.jpg,Candle
image4975.jpg,Miscellaneous
image3954.jpg,Miscellaneous
image57.jpg,Miscellaneous
image2486.jpg,Miscellaneous
image43.jpg,Miscellaneous
image6838.jpg,Candle
image8815.jpg,Miscellaneous
image7298.jpg,Christmas_Tree
image4949.jpg,Miscellaneous
image1366.jpg,Miscellaneous
image3217.jpg,Miscellaneous
image5666.jpg,Miscellaneous
image3203.jpg,Miscellaneous
image3565.jpg,Miscellaneous
image6435.jpg,Christmas_Tree
image2135.jpg,Miscellaneous
image6347.jpg,Miscellaneous
image7059.jpg,Jacket
image5896.jpg,Christmas_Tree
image921.jpg,Airplane
image2647.jpg,Airplane
image4236.jpg,Jacket
image2874.jpg,Miscellaneous
image712.jpg,Jacket
image8395.jpg,Snowman
image7918.jpg,Jacket
image2848.jpg,Miscellaneous
image2690.jpg,Miscellaneous
image1399.jpg,Miscellaneous
image5699.jpg,Christmas_Tree
image4593.jpg,Miscellaneous
image6384.jpg,Candle
image7924.jpg,Miscellaneous
image8550.jpg,Snowman
image7105.jpg,Miscellaneous
image8236.jpg,Christmas_Tree
image3363.jpg,Jacket
image3377.jpg,Miscellaneous
image7111.jpg,Airplane
image1560.jpg,Miscellaneous
image3411.jpg,Airplane
image2727.jpg,Miscellaneous
image2733.jpg,Christmas_Tree
image6555.jpg,Airplane
image7893.jpg,Airplane
image8578.jpg,Miscellaneous
image2900.jpg,Miscellaneous
image100.jpg,Airplane
image9841.jpg,Christmas_Tree
image8587.jpg,Snowman
image5935.jpg,Christmas_Tree
image5921.jpg,Christmas_Tree
image3388.jpg,Miscellaneous
image7688.jpg,Miscellaneous
image6596.jpg,Snowman
image7850.jpg,Christmas_Tree
image4381.jpg,Miscellaneous
image2928.jpg,Miscellaneous
image2519.jpg,Miscellaneous
image3613.jpg,Christmas_Tree
image5504.jpg,Miscellaneous
image9470.jpg,Miscellaneous
image9464.jpg,Christmas_Tree
image4626.jpg,Miscellaneous
image302.jpg,Miscellaneous
image8949.jpg,Miscellaneous
image6964.jpg,Candle
image8785.jpg,Miscellaneous
image6970.jpg,Christmas_Tree
image1951.jpg,Airplane
image1789.jpg,Miscellaneous
image8975.jpg,Christmas_Tree
image5289.jpg,Miscellaneous
image6794.jpg,Miscellaneous
image3822.jpg,Miscellaneous
image4195.jpg,Miscellaneous
image6782.jpg,Airplane
image1953.jpg,Miscellaneous
image2282.jpg,Miscellaneous
image3188.jpg,Miscellaneous
image1947.jpg,Airplane
image7488.jpg,Miscellaneous
image8963.jpg,Miscellaneous
image4181.jpg,Christmas_Tree
image6966.jpg,Miscellaneous
image8793.jpg,Airplane
image300.jpg,Christmas_Tree
image472.jpg,Christmas_Tree
image9499.jpg,Miscellaneous
image9472.jpg,Airplane
image4156.jpg,Snowman
image3639.jpg,Miscellaneous
image1990.jpg,Jacket
image6027.jpg,Jacket
image9314.jpg,Miscellaneous
image6033.jpg,Jacket
image9466.jpg,Miscellaneous
image8778.jpg,Miscellaneous
image3605.jpg,Jacket
image8750.jpg,Christmas_Tree
image3177.jpg,Miscellaneous
image4618.jpg,Miscellaneous
image7311.jpg,Miscellaneous
image7477.jpg,Miscellaneous
image3611.jpg,Christmas_Tree
image5260.jpg,Miscellaneous
image2080.jpg,Christmas_Tree
image6580.jpg,Miscellaneous
image4397.jpg,Candle
image4383.jpg,Miscellaneous
image664.jpg,Christmas_Tree
image670.jpg,Miscellaneous
image9116.jpg,Miscellaneous
image2043.jpg,Christmas_Tree
image2725.jpg,Candle
image7885.jpg,Christmas_Tree
image9670.jpg,Christmas_Tree
image7649.jpg,Miscellaneous
image9664.jpg,Miscellaneous
image2731.jpg,Candle
image4340.jpg,Miscellaneous
image4426.jpg,Snowman
image3349.jpg,Miscellaneous
image2057.jpg,Christmas_Tree
image6231.jpg,Miscellaneous
image5710.jpg,Christmas_Tree
image1576.jpg,Snowman
image7661.jpg,Christmas_Tree
image2719.jpg,Snowman
image3407.jpg,Christmas_Tree
image3413.jpg,Miscellaneous
image9880.jpg,Miscellaneous
image1204.jpg,Candle
image1562.jpg,Snowman
image7113.jpg,Christmas_Tree
image3375.jpg,Miscellaneous
image5704.jpg,Christmas_Tree
image6392.jpg,Miscellaneous
image7926.jpg,Miscellaneous
image7098.jpg,Miscellaneous
image5857.jpg,Miscellaneous
image738.jpg,Miscellaneous
image2876.jpg,Candle
image2862.jpg,Miscellaneous
image9062.jpg,Candle
image2137.jpg,Miscellaneous
image3229.jpg,Snowman
image2889.jpg,Candle
image9704.jpg,Jacket
image6437.jpg,Miscellaneous
image1358.jpg,Miscellaneous
image4234.jpg,Miscellaneous
image2645.jpg,Jacket
image2123.jpg,Jacket
image8368.jpg,Miscellaneous
image5664.jpg,Miscellaneous
image7715.jpg,Christmas_Tree
image8426.jpg,Snowman
image1370.jpg,Jacket
image8432.jpg,Airplane
image55.jpg,Christmas_Tree
image248.jpg,Miscellaneous
image2490.jpg,Christmas_Tree
image8803.jpg,Miscellaneous
image1833.jpg,Miscellaneous
image2484.jpg,Miscellaneous
image69.jpg,Christmas_Tree
image274.jpg,Miscellaneous
image4963.jpg,Miscellaneous
image4977.jpg,Christmas_Tree
image6806.jpg,Candle
image8618.jpg,Jacket
image4022.jpg,Christmas_Tree
image6153.jpg,Miscellaneous
image6147.jpg,Miscellaneous
image2321.jpg,Miscellaneous
image82.jpg,Miscellaneous
image9512.jpg,Airplane
image5300.jpg,Christmas_Tree
image3771.jpg,Miscellaneous
image6609.jpg,Airplane
image8142.jpg,Airplane
image2309.jpg,Miscellaneous
image5472.jpg,Miscellaneous
image9248.jpg,Miscellaneous
image1614.jpg,Snowman
image7265.jpg,Jacket
image7503.jpg,Miscellaneous
image5473.jpg,Christmas_Tree
image3764.jpg,Miscellaneous
image1173.jpg,Miscellaneous
image1167.jpg,Christmas_Tree
image3770.jpg,Candle
image5301.jpg,Christmas_Tree
image5467.jpg,Miscellaneous
image4779.jpg,Christmas_Tree
image1601.jpg,Miscellaneous
image2320.jpg,Miscellaneous
image4751.jpg,Miscellaneous
image7258.jpg,Miscellaneous
image9513.jpg,Miscellaneous
image3758.jpg,Christmas_Tree
image2446.jpg,Christmas_Tree
image5329.jpg,Miscellaneous
image97.jpg,Miscellaneous
image2452.jpg,Miscellaneous
image9507.jpg,Christmas_Tree
image6152.jpg,Miscellaneous
image507.jpg,Miscellaneous
image6807.jpg,Christmas_Tree
image6185.jpg,Christmas_Tree
image2485.jpg,Christmas_Tree
image8802.jpg,Miscellaneous
image2491.jpg,Snowman
image4786.jpg,Candle
image8433.jpg,Christmas_Tree
image1371.jpg,Miscellaneous
image5117.jpg,Miscellaneous
image4209.jpg,Jacket
image3200.jpg,Miscellaneous
image1417.jpg,Snowman
image8355.jpg,Christmas_Tree
image7066.jpg,Miscellaneous
image1365.jpg,Snowman
image2644.jpg,Christmas_Tree
image4235.jpg,Christmas_Tree
image4547.jpg,Christmas_Tree
image6350.jpg,Candle
image9063.jpg,Christmas_Tree
image1359.jpg,Miscellaneous
image9705.jpg,Christmas_Tree
image2888.jpg,Christmas_Tree
image4221.jpg,Christmas_Tree
image2863.jpg,Miscellaneous
image8396.jpg,Miscellaneous
image8382.jpg,Miscellaneous
image2687.jpg,Miscellaneous
image739.jpg,Miscellaneous
image6387.jpg,Miscellaneous
image6393.jpg,Airplane
image4584.jpg,Miscellaneous
image7933.jpg,Jacket
image9659.jpg,Candle
image1205.jpg,Miscellaneous
image9881.jpg,Christmas_Tree
image7674.jpg,Miscellaneous
image5063.jpg,Miscellaneous
image3374.jpg,Miscellaneous
image8235.jpg,Christmas_Tree
image7106.jpg,Christmas_Tree
image5711.jpg,Snowman
image3360.jpg,Christmas_Tree
image4369.jpg,Miscellaneous
image2718.jpg,Miscellaneous
image7660.jpg,Miscellaneous
image2056.jpg,Miscellaneous
image6542.jpg,Miscellaneous
image671.jpg,Miscellaneous
image665.jpg,Jacket
image8590.jpg,Christmas_Tree
image2903.jpg,Christmas_Tree
image4382.jpg,Miscellaneous
image5922.jpg,Candle
image659.jpg,Miscellaneous
image2081.jpg,Miscellaneous
image881.jpg,Miscellaneous
image8023.jpg,Christmas_Tree
image4619.jpg,Christmas_Tree
image5507.jpg,Miscellaneous
image7476.jpg,Miscellaneous
image6768.jpg,Christmas_Tree
image7462.jpg,Christmas_Tree
image8751.jpg,Airplane
image8989.jpg,Christmas_Tree
image1013.jpg,Jacket
image3604.jpg,Candle
image9329.jpg,Christmas_Tree
image4625.jpg,Miscellaneous
image8779.jpg,Jacket
image6754.jpg,Miscellaneous
image2532.jpg,Miscellaneous
image3638.jpg,Miscellaneous
image9473.jpg,Candle
image9315.jpg,Candle
image6026.jpg,Miscellaneous
image4631.jpg,Miscellaneous
image498.jpg,Snowman
image4802.jpg,Christmas_Tree
image6973.jpg,Miscellaneous
image301.jpg,Candle
image2297.jpg,Miscellaneous
image329.jpg,Miscellaneous
image4180.jpg,Christmas_Tree
image8962.jpg,Miscellaneous
image6797.jpg,Christmas_Tree
image7489.jpg,Miscellaneous
image2283.jpg,Christmas_Tree
image305.jpg,Jacket
image8782.jpg,Christmas_Tree
image3827.jpg,Candle
image4190.jpg,Miscellaneous
image6787.jpg,Candle
image8966.jpg,Miscellaneous
image6793.jpg,Miscellaneous
image3833.jpg,Miscellaneous
image4184.jpg,Miscellaneous
image2293.jpg,Miscellaneous
image8033.jpg,Candle
image4609.jpg,Jacket
image5271.jpg,Jacket
image7472.jpg,Miscellaneous
image3614.jpg,Miscellaneous
image5503.jpg,Christmas_Tree
image8027.jpg,Airplane
image1765.jpg,Miscellaneous
image2244.jpg,Christmas_Tree
image9305.jpg,Jacket
image2907.jpg,Miscellaneous
image107.jpg,Airplane
image8594.jpg,Miscellaneous
image661.jpg,Miscellaneous
image675.jpg,Miscellaneous
image9846.jpg,Candle
image8580.jpg,Candle
image2913.jpg,Miscellaneous
image113.jpg,Miscellaneous
image6585.jpg,Miscellaneous
image7843.jpg,Jacket
image5932.jpg,Candle
image5926.jpg,Miscellaneous
image5098.jpg,Miscellaneous
image8557.jpg,Christmas_Tree
image5073.jpg,Christmas_Tree
image5715.jpg,Miscellaneous
image7102.jpg,Airplane
image8231.jpg,Miscellaneous
image7116.jpg,Christmas_Tree
image8225.jpg,Christmas_Tree
image3416.jpg,Miscellaneous
image9885.jpg,Christmas_Tree
image1201.jpg,Christmas_Tree
image2720.jpg,Airplane
image2052.jpg,Miscellaneous
image9107.jpg,Miscellaneous
image6234.jpg,Miscellaneous
image8219.jpg,Miscellaneous
image7894.jpg,Miscellaneous
image2873.jpg,Candle
image9926.jpg,Miscellaneous
image9098.jpg,Christmas_Tree
image715.jpg,Miscellaneous
image701.jpg,Christmas_Tree
image8392.jpg,Candle
image4580.jpg,Miscellaneous
image5846.jpg,Miscellaneous
image4594.jpg,Jacket
image1361.jpg,Miscellaneous
image7710.jpg,Candle
image5107.jpg,Miscellaneous
image5661.jpg,Miscellaneous
image7062.jpg,Christmas_Tree
image8351.jpg,Airplane
image6432.jpg,Christmas_Tree
image6354.jpg,Candle
image4543.jpg,Miscellaneous
image5885.jpg,Miscellaneous
image5891.jpg,Christmas_Tree
image3238.jpg,Miscellaneous
image6340.jpg,Jacket
image7738.jpg,Christmas_Tree
image4966.jpg,Snowman
image517.jpg,Miscellaneous
image8184.jpg,Christmas_Tree
image1822.jpg,Miscellaneous
image8812.jpg,Candle
image1188.jpg,Miscellaneous
image44.jpg,Miscellaneous
image2481.jpg,Candle
image1605.jpg,Miscellaneous
image9259.jpg,Airplane
image8147.jpg,Snowman
image5305.jpg,Snowman
image6618.jpg,Christmas_Tree
image1177.jpg,Airplane
image5311.jpg,Miscellaneous
image1611.jpg,Miscellaneous
image2330.jpg,Christmas_Tree
image1639.jpg,Christmas_Tree
image3990.jpg,Miscellaneous
image5339.jpg,Miscellaneous
image4027.jpg,Christmas_Tree
image3748.jpg,Miscellaneous
image87.jpg,Christmas_Tree
image6624.jpg,Christmas_Tree
image9517.jpg,Christmas_Tree
image6142.jpg,Miscellaneous
image2324.jpg,Miscellaneous
image9516.jpg,Miscellaneous
image8608.jpg,Miscellaneous
image86.jpg,Miscellaneous
image9270.jpg,Christmas_Tree
image6143.jpg,Miscellaneous
image7249.jpg,Miscellaneous
image2331.jpg,Christmas_Tree
image4740.jpg,Christmas_Tree
image3749.jpg,Christmas_Tree
image3991.jpg,Miscellaneous
image2457.jpg,Miscellaneous
image9502.jpg,Christmas_Tree
image3761.jpg,Miscellaneous
image5310.jpg,Christmas_Tree
image2319.jpg,Candle
image5462.jpg,Miscellaneous
image7275.jpg,Candle
image9258.jpg,Miscellaneous
image5304.jpg,Miscellaneous
image3946.jpg,Miscellaneous
image2480.jpg,Christmas_Tree
image45.jpg,Miscellaneous
image8807.jpg,Jacket
image3952.jpg,Miscellaneous
image6802.jpg,Miscellaneous
image502.jpg,Candle
image8185.jpg,Miscellaneous
image9072.jpg,Christmas_Tree
image5648.jpg,Miscellaneous
image2127.jpg,Miscellaneous
image927.jpg,Christmas_Tree
image4230.jpg,Christmas_Tree
image5884.jpg,Miscellaneous
image4542.jpg,Christmas_Tree
image933.jpg,Christmas_Tree
image8378.jpg,Jacket
image3205.jpg,Jacket
image5674.jpg,Snowman
image1412.jpg,Christmas_Tree
image9728.jpg,Miscellaneous
image2669.jpg,Miscellaneous
image5106.jpg,Miscellaneous
image3577.jpg,Miscellaneous
image7711.jpg,Miscellaneous
image1406.jpg,Jacket
image7077.jpg,Christmas_Tree
image7922.jpg,Miscellaneous
image2682.jpg,Miscellaneous
image3588.jpg,Christmas_Tree
image2696.jpg,Miscellaneous
image8393.jpg,Candle
image700.jpg,Christmas_Tree
image2866.jpg,Miscellaneous
image9927.jpg,Miscellaneous
image2872.jpg,Miscellaneous
image714.jpg,Candle
image8218.jpg,Jacket
image6235.jpg,Miscellaneous
image7895.jpg,Candle
image1228.jpg,Miscellaneous
image9674.jpg,Miscellaneous
image2047.jpg,Jacket
image8224.jpg,Jacket
image7117.jpg,Miscellaneous
image6209.jpg,Miscellaneous
image1200.jpg,Miscellaneous
image8542.jpg,Snowman
image4378.jpg,Jacket
image3403.jpg,Airplane
image3365.jpg,Miscellaneous
image5927.jpg,Miscellaneous
image7856.jpg,Miscellaneous
image7842.jpg,Miscellaneous
image2912.jpg,Snowman
image9853.jpg,Snowman
image660.jpg,Christmas_Tree
image9462.jpg,Miscellaneous
image6751.jpg,Miscellaneous
image5258.jpg,Jacket
image4620.jpg,Snowman
image489.jpg,Miscellaneous
image9304.jpg,Candle
image6037.jpg,Candle
image7329.jpg,Christmas_Tree
image1994.jpg,Christmas_Tree
image4634.jpg,Christmas_Tree
image7473.jpg,Miscellaneous
image9338.jpg,Candle
image3167.jpg,Miscellaneous
image5516.jpg,Miscellaneous
image7467.jpg,Christmas_Tree
image8754.jpg,Miscellaneous
image5270.jpg,Miscellaneous
image3601.jpg,Miscellaneous
image4185.jpg,Miscellaneous
image8967.jpg,Christmas_Tree
image1943.jpg,Miscellaneous
image3826.jpg,Miscellaneous
image6976.jpg,Miscellaneous
image4807.jpg,Christmas_Tree
image476.jpg,Miscellaneous
image462.jpg,Jacket
image304.jpg,Christmas_Tree
image9489.jpg,Christmas_Tree
image6962.jpg,Miscellaneous
image474.jpg,Christmas_Tree
image312.jpg,Jacket
image8781.jpg,Miscellaneous
image460.jpg,Miscellaneous
image448.jpg,Miscellaneous
image4839.jpg,Airplane
image5299.jpg,Miscellaneous
image3830.jpg,Jacket
image4187.jpg,Miscellaneous
image4193.jpg,Jacket
image3171.jpg,Miscellaneous
image8024.jpg,Christmas_Tree
image7471.jpg,Candle
image4178.jpg,Miscellaneous
image5272.jpg,Miscellaneous
image1014.jpg,Miscellaneous
image9448.jpg,Miscellaneous
image8756.jpg,Miscellaneous
image1772.jpg,Miscellaneous
image3165.jpg,Christmas_Tree
image4622.jpg,Miscellaneous
image9474.jpg,Miscellaneous
image6747.jpg,Jacket
image7459.jpg,Jacket
image4150.jpg,Jacket
image2247.jpg,Christmas_Tree
image3159.jpg,Miscellaneous
image1996.jpg,Christmas_Tree
image9312.jpg,Miscellaneous
image6021.jpg,Miscellaneous
image110.jpg,Miscellaneous
image2904.jpg,Miscellaneous
image9851.jpg,Christmas_Tree
image8597.jpg,Miscellaneous
image886.jpg,Miscellaneous
image5931.jpg,Miscellaneous
image7698.jpg,Miscellaneous
image4391.jpg,Christmas_Tree
image5064.jpg,Miscellaneous
image7673.jpg,Miscellaneous
image1564.jpg,Miscellaneous
image5702.jpg,Miscellaneous
image4408.jpg,Christmas_Tree
image1570.jpg,Jacket
image8554.jpg,Airplane
image7667.jpg,Miscellaneous
image5070.jpg,Christmas_Tree
image9662.jpg,Miscellaneous
image4346.jpg,Christmas_Tree
image1558.jpg,Christmas_Tree
image7129.jpg,Miscellaneous
image9110.jpg,Jacket
image2045.jpg,Miscellaneous
image4352.jpg,Miscellaneous
image8568.jpg,Miscellaneous
image9676.jpg,Airplane
image7883.jpg,Miscellaneous
image702.jpg,Snowman
image5879.jpg,Christmas_Tree
image7908.jpg,Miscellaneous
image1389.jpg,Miscellaneous
image4597.jpg,Miscellaneous
image4583.jpg,Miscellaneous
image5845.jpg,Airplane
image9919.jpg,Miscellaneous
image5110.jpg,Miscellaneous
image1410.jpg,Christmas_Tree
image4568.jpg,Christmas_Tree
image3207.jpg,Candle
image5662.jpg,Miscellaneous
image3213.jpg,Candle
image7075.jpg,Christmas_Tree
image1404.jpg,Miscellaneous
image1362.jpg,Miscellaneous
image8420.jpg,Miscellaneous
image9716.jpg,Airplane
image2643.jpg,Candle
image925.jpg,Snowman
image7049.jpg,Christmas_Tree
image9064.jpg,Airplane
image931.jpg,Christmas_Tree
image4226.jpg,Miscellaneous
image2657.jpg,Christmas_Tree
image9702.jpg,Candle
image1809.jpg,Miscellaneous
image4971.jpg,Miscellaneous
image8839.jpg,Miscellaneous
image4965.jpg,Miscellaneous
image9299.jpg,Miscellaneous
image1835.jpg,Miscellaneous
image6182.jpg,Christmas_Tree
image8811.jpg,Snowman
image2482.jpg,Airplane
image3788.jpg,Miscellaneous
image3950.jpg,Miscellaneous
image8805.jpg,Christmas_Tree
image1821.jpg,Miscellaneous
image7505.jpg,Miscellaneous
image8636.jpg,Miscellaneous
image5312.jpg,Candle
image5306.jpg,Miscellaneous
image4018.jpg,Miscellaneous
image7511.jpg,Christmas_Tree
image1160.jpg,Miscellaneous
image1606.jpg,Christmas_Tree
image6169.jpg,Snowman
image6141.jpg,Candle
image4756.jpg,Miscellaneous
image2327.jpg,Miscellaneous
image299.jpg,Miscellaneous
image4030.jpg,Miscellaneous
image7539.jpg,Miscellaneous
image1148.jpg,Miscellaneous
image9500.jpg,Miscellaneous
image9266.jpg,Miscellaneous
image6632.jpg,Miscellaneous
image2326.jpg,Miscellaneous
image4757.jpg,Miscellaneous
image3038.jpg,Miscellaneous
image298.jpg,Jacket
image1161.jpg,Christmas_Tree
image5461.jpg,Jacket
image6168.jpg,Miscellaneous
image1607.jpg,Candle
image8151.jpg,Christmas_Tree
image1613.jpg,Miscellaneous
image3004.jpg,Jacket
image3762.jpg,Candle
image5313.jpg,Candle
image1175.jpg,Christmas_Tree
image9529.jpg,Snowman
image6829.jpg,Snowman
image2497.jpg,Jacket
image52.jpg,Airplane
image3789.jpg,Airplane
image1820.jpg,Candle
image4794.jpg,Jacket
image3945.jpg,Jacket
image2483.jpg,Miscellaneous
image8810.jpg,Miscellaneous
image273.jpg,Christmas_Tree
image6815.jpg,Miscellaneous
image8838.jpg,Miscellaneous
image9298.jpg,Christmas_Tree
image8186.jpg,Miscellaneous
image4964.jpg,Christmas_Tree
image6801.jpg,Miscellaneous
image267.jpg,Christmas_Tree
image4541.jpg,Miscellaneous
image1439.jpg,Miscellaneous
image9703.jpg,Miscellaneous
image2656.jpg,Christmas_Tree
image9717.jpg,Miscellaneous
image9071.jpg,Christmas_Tree
image4555.jpg,Miscellaneous
image9059.jpg,Miscellaneous
image8347.jpg,Miscellaneous
image5663.jpg,Miscellaneous
image5105.jpg,Airplane
image3574.jpg,Miscellaneous
image8421.jpg,Christmas_Tree
image7706.jpg,Miscellaneous
image5677.jpg,Airplane
image918.jpg,Airplane
image2681.jpg,Christmas_Tree
image5850.jpg,Snowman
image4596.jpg,Miscellaneous
image8384.jpg,Miscellaneous
image8390.jpg,Christmas_Tree
image844.jpg,Christmas_Tree
image4435.jpg,Miscellaneous
image6222.jpg,Miscellaneous
image7882.jpg,Christmas_Tree
image8569.jpg,Miscellaneous
image4347.jpg,Jacket
image7896.jpg,Christmas_Tree
image9105.jpg,Christmas_Tree
image850.jpg,Christmas_Tree
image688.jpg,Snowman
image4421.jpg,Airplane
image2078.jpg,Christmas_Tree
image5717.jpg,Miscellaneous
image4409.jpg,Miscellaneous
image7666.jpg,Miscellaneous
image3414.jpg,Christmas_Tree
image5065.jpg,Miscellaneous
image8227.jpg,Christmas_Tree
image2087.jpg,Christmas_Tree
image139.jpg,Christmas_Tree
image2939.jpg,Jacket
image6587.jpg,Christmas_Tree
image9878.jpg,Airplane
image7855.jpg,Miscellaneous
image893.jpg,Miscellaneous
image8596.jpg,Miscellaneous
image2905.jpg,Miscellaneous
image105.jpg,Airplane
image2911.jpg,Airplane
image8582.jpg,Miscellaneous
image9844.jpg,Snowman
image6746.jpg,Christmas_Tree
image1029.jpg,Christmas_Tree
image9313.jpg,Snowman
image5529.jpg,Miscellaneous
image2246.jpg,Miscellaneous
image9307.jpg,Airplane
image1983.jpg,Miscellaneous
image6752.jpg,Jacket
image4145.jpg,Miscellaneous
image5273.jpg,Airplane
image1773.jpg,Miscellaneous
image6008.jpg,Christmas_Tree
image8025.jpg,Miscellaneous
image3170.jpg,Christmas_Tree
image2508.jpg,Miscellaneous
image5267.jpg,Miscellaneous
image8743.jpg,Miscellaneous
image6785.jpg,Candle
image8970.jpg,Jacket
image4192.jpg,Christmas_Tree
image2291.jpg,Christmas_Tree
image4186.jpg,Miscellaneous
image3831.jpg,Miscellaneous
image6791.jpg,Candle
image8794.jpg,Jacket
image1968.jpg,Miscellaneous
image461.jpg,Christmas_Tree
image4804.jpg,Christmas_Tree
image8958.jpg,Jacket
image313.jpg,Christmas_Tree
